time (s),v("/sine_in" ?result "tran") (V),v("/Freq" ?result "tran") (FF)
0.000,0.000,0.000
735.0E-9,4.618E-3,0.000
1.255E-6,7.887E-3,0.000
2.296E-6,14.42E-3,0.000
4.377E-6,27.50E-3,0.000
8.538E-6,53.62E-3,0.000
16.86E-6,105.8E-3,0.000
33.51E-6,209.0E-3,0.000
66.80E-6,407.6E-3,0.000
106.8E-6,622.0E-3,0.000
146.7E-6,797.2E-3,0.000
186.7E-6,922.3E-3,0.000
226.6E-6,989.4E-3,0.000
266.5E-6,994.4E-3,0.000
306.4E-6,936.8E-3,0.000
346.3E-6,820.4E-3,0.000
386.1E-6,652.4E-3,0.000
426.0E-6,443.3E-3,0.000
465.8E-6,206.4E-3,0.000
505.6E-6,-43.42E-3,0.000
545.4E-6,-290.6E-3,0.000
585.2E-6,-519.4E-3,0.000
625.0E-6,-715.7E-3,0.000
664.7E-6,-866.9E-3,0.000
704.5E-6,-963.6E-3,0.000
744.2E-6,-999.8E-3,0.000
783.9E-6,-973.1E-3,0.000
823.6E-6,-885.3E-3,0.000
863.3E-6,-741.8E-3,0.000
902.9E-6,-551.7E-3,0.000
942.6E-6,-326.9E-3,0.000
982.2E-6,-81.54E-3,0.000
995.1E-6,47.77E-6,1.005E3
1.021E-3,162.7E-3,1.005E3
1.060E-3,403.0E-3,1.005E3
1.100E-3,618.0E-3,1.005E3
1.140E-3,794.1E-3,1.005E3
1.179E-3,920.3E-3,1.005E3
1.219E-3,988.7E-3,1.005E3
1.258E-3,994.9E-3,1.005E3
1.298E-3,938.6E-3,1.005E3
1.337E-3,823.3E-3,1.005E3
1.377E-3,656.2E-3,1.005E3
1.416E-3,447.9E-3,1.005E3
1.456E-3,211.4E-3,1.005E3
1.495E-3,-38.36E-3,1.005E3
1.534E-3,-285.7E-3,1.005E3
1.574E-3,-515.1E-3,1.005E3
1.613E-3,-712.1E-3,1.005E3
1.652E-3,-864.4E-3,1.005E3
1.692E-3,-962.3E-3,1.005E3
1.731E-3,-999.7E-3,1.005E3
1.770E-3,-974.3E-3,1.005E3
1.810E-3,-887.6E-3,1.005E3
1.849E-3,-745.2E-3,1.005E3
1.888E-3,-555.9E-3,1.005E3
1.928E-3,-331.7E-3,1.005E3
1.967E-3,-86.60E-3,1.005E3
1.980E-3,47.23E-6,1.015E3
2.007E-3,172.7E-3,1.015E3
2.047E-3,412.3E-3,1.015E3
2.086E-3,625.9E-3,1.015E3
2.125E-3,800.3E-3,1.015E3
2.164E-3,924.3E-3,1.015E3
2.203E-3,990.2E-3,1.015E3
2.243E-3,993.8E-3,1.015E3
2.282E-3,935.0E-3,1.015E3
2.321E-3,817.5E-3,1.015E3
2.360E-3,648.5E-3,1.015E3
2.399E-3,438.8E-3,1.015E3
2.438E-3,201.5E-3,1.015E3
2.477E-3,-48.49E-3,1.015E3
2.516E-3,-295.4E-3,1.015E3
2.555E-3,-523.8E-3,1.015E3
2.594E-3,-719.2E-3,1.015E3
2.633E-3,-869.4E-3,1.015E3
2.672E-3,-965.0E-3,1.015E3
2.711E-3,-999.9E-3,1.015E3
2.750E-3,-972.0E-3,1.015E3
2.789E-3,-882.9E-3,1.015E3
2.828E-3,-738.4E-3,1.015E3
2.867E-3,-547.5E-3,1.015E3
2.906E-3,-322.1E-3,1.015E3
2.944E-3,-76.51E-3,1.015E3
2.956E-3,48.23E-6,1.025E3
2.980E-3,152.7E-3,1.025E3
3.019E-3,393.8E-3,1.025E3
3.058E-3,610.0E-3,1.025E3
3.096E-3,787.9E-3,1.025E3
3.135E-3,916.3E-3,1.025E3
3.174E-3,987.1E-3,1.025E3
3.213E-3,995.9E-3,1.025E3
3.252E-3,942.0E-3,1.025E3
3.290E-3,829.0E-3,1.025E3
3.329E-3,663.8E-3,1.025E3
3.368E-3,456.9E-3,1.025E3
3.406E-3,221.3E-3,1.025E3
3.445E-3,-28.23E-3,1.025E3
3.484E-3,-276.0E-3,1.025E3
3.522E-3,-506.4E-3,1.025E3
3.561E-3,-705.0E-3,1.025E3
3.600E-3,-859.2E-3,1.025E3
3.638E-3,-959.5E-3,1.025E3
3.677E-3,-999.4E-3,1.025E3
3.716E-3,-976.5E-3,1.025E3
3.754E-3,-892.3E-3,1.025E3
3.793E-3,-751.9E-3,1.025E3
3.831E-3,-564.3E-3,1.025E3
3.870E-3,-341.2E-3,1.025E3
3.899E-3,-155.3E-3,1.025E3
3.923E-3,30.84E-6,1.034E3
3.962E-3,248.8E-3,1.034E3
4.000E-3,481.9E-3,1.034E3
4.038E-3,684.7E-3,1.034E3
4.077E-3,844.4E-3,1.034E3
4.115E-3,951.1E-3,1.034E3
4.154E-3,998.0E-3,1.034E3
4.192E-3,982.2E-3,1.034E3
4.231E-3,904.7E-3,1.034E3
4.269E-3,770.2E-3,1.034E3
4.307E-3,587.4E-3,1.034E3
4.346E-3,367.6E-3,1.034E3
4.384E-3,124.8E-3,1.034E3
4.422E-3,-126.0E-3,1.034E3
4.461E-3,-368.8E-3,1.034E3
4.499E-3,-588.4E-3,1.034E3
4.537E-3,-771.0E-3,1.034E3
4.575E-3,-905.2E-3,1.034E3
4.614E-3,-982.4E-3,1.034E3
4.652E-3,-998.0E-3,1.034E3
4.690E-3,-950.8E-3,1.034E3
4.728E-3,-843.8E-3,1.034E3
4.767E-3,-683.8E-3,1.034E3
4.805E-3,-480.8E-3,1.034E3
4.843E-3,-247.6E-3,1.034E3
4.881E-3,37.93E-6,1.044E3
4.919E-3,248.8E-3,1.044E3
4.957E-3,481.9E-3,1.044E3
4.995E-3,684.7E-3,1.044E3
5.033E-3,844.4E-3,1.044E3
5.071E-3,951.1E-3,1.044E3
5.110E-3,998.0E-3,1.044E3
5.148E-3,982.2E-3,1.044E3
5.186E-3,904.7E-3,1.044E3
5.224E-3,770.2E-3,1.044E3
5.262E-3,587.4E-3,1.044E3
5.300E-3,367.6E-3,1.044E3
5.338E-3,124.8E-3,1.044E3
5.376E-3,-126.0E-3,1.044E3
5.414E-3,-368.8E-3,1.044E3
5.452E-3,-588.4E-3,1.044E3
5.489E-3,-771.0E-3,1.044E3
5.527E-3,-905.2E-3,1.044E3
5.565E-3,-982.4E-3,1.044E3
5.603E-3,-998.0E-3,1.044E3
5.641E-3,-950.8E-3,1.044E3
5.679E-3,-843.8E-3,1.044E3
5.717E-3,-683.8E-3,1.044E3
5.755E-3,-480.8E-3,1.044E3
5.792E-3,-247.6E-3,1.044E3
5.830E-3,38.07E-6,1.054E3
5.868E-3,248.8E-3,1.054E3
5.906E-3,481.9E-3,1.054E3
5.943E-3,684.7E-3,1.054E3
5.981E-3,844.4E-3,1.054E3
6.019E-3,951.1E-3,1.054E3
6.057E-3,998.0E-3,1.054E3
6.094E-3,982.2E-3,1.054E3
6.132E-3,904.7E-3,1.054E3
6.170E-3,770.2E-3,1.054E3
6.207E-3,587.4E-3,1.054E3
6.245E-3,367.6E-3,1.054E3
6.283E-3,124.8E-3,1.054E3
6.320E-3,-125.9E-3,1.054E3
6.358E-3,-368.7E-3,1.054E3
6.396E-3,-588.4E-3,1.054E3
6.433E-3,-771.0E-3,1.054E3
6.471E-3,-905.2E-3,1.054E3
6.508E-3,-982.4E-3,1.054E3
6.546E-3,-998.0E-3,1.054E3
6.583E-3,-950.8E-3,1.054E3
6.621E-3,-843.8E-3,1.054E3
6.658E-3,-683.8E-3,1.054E3
6.696E-3,-480.8E-3,1.054E3
6.733E-3,-247.6E-3,1.054E3
6.771E-3,38.29E-6,1.063E3
6.808E-3,248.8E-3,1.063E3
6.846E-3,481.9E-3,1.063E3
6.883E-3,684.7E-3,1.063E3
6.921E-3,844.4E-3,1.063E3
6.958E-3,951.1E-3,1.063E3
6.995E-3,998.0E-3,1.063E3
7.033E-3,982.2E-3,1.063E3
7.070E-3,904.7E-3,1.063E3
7.107E-3,770.2E-3,1.063E3
7.145E-3,587.4E-3,1.063E3
7.182E-3,367.6E-3,1.063E3
7.219E-3,124.8E-3,1.063E3
7.257E-3,-125.9E-3,1.063E3
7.294E-3,-368.7E-3,1.063E3
7.331E-3,-588.3E-3,1.063E3
7.369E-3,-771.0E-3,1.063E3
7.406E-3,-905.2E-3,1.063E3
7.443E-3,-982.4E-3,1.063E3
7.480E-3,-998.0E-3,1.063E3
7.518E-3,-950.8E-3,1.063E3
7.555E-3,-843.8E-3,1.063E3
7.592E-3,-683.8E-3,1.063E3
7.629E-3,-480.8E-3,1.063E3
7.666E-3,-247.6E-3,1.063E3
7.703E-3,38.49E-6,1.072E3
7.740E-3,248.8E-3,1.072E3
7.778E-3,481.9E-3,1.072E3
7.815E-3,684.7E-3,1.072E3
7.852E-3,844.4E-3,1.072E3
7.889E-3,951.1E-3,1.072E3
7.926E-3,998.0E-3,1.072E3
7.963E-3,982.2E-3,1.072E3
8.000E-3,904.7E-3,1.072E3
8.037E-3,770.2E-3,1.072E3
8.074E-3,587.4E-3,1.072E3
8.111E-3,367.6E-3,1.072E3
8.148E-3,124.8E-3,1.072E3
8.185E-3,-125.9E-3,1.072E3
8.222E-3,-368.7E-3,1.072E3
8.259E-3,-588.3E-3,1.072E3
8.296E-3,-771.0E-3,1.072E3
8.333E-3,-905.2E-3,1.072E3
8.370E-3,-982.4E-3,1.072E3
8.407E-3,-998.0E-3,1.072E3
8.444E-3,-950.8E-3,1.072E3
8.481E-3,-843.8E-3,1.072E3
8.517E-3,-683.8E-3,1.072E3
8.554E-3,-480.9E-3,1.072E3
8.591E-3,-247.7E-3,1.072E3
8.628E-3,38.69E-6,1.082E3
8.665E-3,248.8E-3,1.082E3
8.701E-3,481.9E-3,1.082E3
8.738E-3,684.7E-3,1.082E3
8.775E-3,844.4E-3,1.082E3
8.812E-3,951.1E-3,1.082E3
8.849E-3,998.0E-3,1.082E3
8.885E-3,982.2E-3,1.082E3
8.922E-3,904.7E-3,1.082E3
8.959E-3,770.2E-3,1.082E3
8.995E-3,587.4E-3,1.082E3
9.032E-3,367.7E-3,1.082E3
9.069E-3,124.8E-3,1.082E3
9.106E-3,-125.9E-3,1.082E3
9.142E-3,-368.7E-3,1.082E3
9.179E-3,-588.3E-3,1.082E3
9.215E-3,-771.0E-3,1.082E3
9.252E-3,-905.1E-3,1.082E3
9.289E-3,-982.4E-3,1.082E3
9.325E-3,-998.0E-3,1.082E3
9.362E-3,-950.8E-3,1.082E3
9.398E-3,-843.8E-3,1.082E3
9.435E-3,-683.8E-3,1.082E3
9.472E-3,-480.9E-3,1.082E3
9.508E-3,-247.7E-3,1.082E3
9.545E-3,38.88E-6,1.091E3
9.581E-3,248.8E-3,1.091E3
9.618E-3,481.9E-3,1.091E3
9.654E-3,684.7E-3,1.091E3
9.691E-3,844.4E-3,1.091E3
9.727E-3,951.1E-3,1.091E3
9.763E-3,998.0E-3,1.091E3
9.800E-3,982.2E-3,1.091E3
9.836E-3,904.7E-3,1.091E3
9.873E-3,770.2E-3,1.091E3
9.909E-3,587.4E-3,1.091E3
9.946E-3,367.7E-3,1.091E3
9.982E-3,124.8E-3,1.091E3
10.02E-3,-125.9E-3,1.091E3
10.05E-3,-368.7E-3,1.091E3
10.09E-3,-588.3E-3,1.091E3
10.13E-3,-771.0E-3,1.091E3
10.16E-3,-905.1E-3,1.091E3
10.20E-3,-982.4E-3,1.091E3
10.24E-3,-998.0E-3,1.091E3
10.27E-3,-950.8E-3,1.091E3
10.31E-3,-843.8E-3,1.091E3
10.35E-3,-683.9E-3,1.091E3
10.38E-3,-480.9E-3,1.091E3
10.42E-3,-247.7E-3,1.091E3
10.45E-3,39.06E-6,1.100E3
10.49E-3,248.8E-3,1.100E3
10.53E-3,481.9E-3,1.100E3
10.56E-3,684.7E-3,1.100E3
10.60E-3,844.4E-3,1.100E3
10.63E-3,951.1E-3,1.100E3
10.67E-3,998.0E-3,1.100E3
10.71E-3,982.2E-3,1.100E3
10.74E-3,904.7E-3,1.100E3
10.78E-3,770.3E-3,1.100E3
10.82E-3,587.4E-3,1.100E3
10.85E-3,367.7E-3,1.100E3
10.89E-3,124.8E-3,1.100E3
10.92E-3,-125.9E-3,1.100E3
10.96E-3,-368.7E-3,1.100E3
11.00E-3,-588.3E-3,1.100E3
11.03E-3,-771.0E-3,1.100E3
11.07E-3,-905.1E-3,1.100E3
11.10E-3,-982.4E-3,1.100E3
11.14E-3,-998.0E-3,1.100E3
11.18E-3,-950.8E-3,1.100E3
11.21E-3,-843.8E-3,1.100E3
11.25E-3,-683.9E-3,1.100E3
11.28E-3,-480.9E-3,1.100E3
11.32E-3,-247.7E-3,1.100E3
11.36E-3,39.24E-6,1.109E3
11.39E-3,248.8E-3,1.109E3
11.43E-3,481.9E-3,1.109E3
11.46E-3,684.7E-3,1.109E3
11.50E-3,844.4E-3,1.109E3
11.53E-3,951.1E-3,1.109E3
11.57E-3,998.0E-3,1.109E3
11.61E-3,982.2E-3,1.109E3
11.64E-3,904.7E-3,1.109E3
11.68E-3,770.3E-3,1.109E3
11.71E-3,587.4E-3,1.109E3
11.75E-3,367.7E-3,1.109E3
11.79E-3,124.8E-3,1.109E3
11.82E-3,-125.9E-3,1.109E3
11.86E-3,-368.7E-3,1.109E3
11.89E-3,-588.3E-3,1.109E3
11.93E-3,-770.9E-3,1.109E3
11.96E-3,-905.1E-3,1.109E3
12.00E-3,-982.4E-3,1.109E3
12.04E-3,-998.0E-3,1.109E3
12.07E-3,-950.8E-3,1.109E3
12.11E-3,-843.9E-3,1.109E3
12.14E-3,-683.9E-3,1.109E3
12.18E-3,-480.9E-3,1.109E3
12.21E-3,-247.7E-3,1.109E3
12.25E-3,39.41E-6,1.118E3
12.29E-3,248.8E-3,1.118E3
12.32E-3,481.9E-3,1.118E3
12.36E-3,684.7E-3,1.118E3
12.39E-3,844.4E-3,1.118E3
12.43E-3,951.1E-3,1.118E3
12.46E-3,998.0E-3,1.118E3
12.50E-3,982.2E-3,1.118E3
12.53E-3,904.7E-3,1.118E3
12.57E-3,770.3E-3,1.118E3
12.61E-3,587.4E-3,1.118E3
12.64E-3,367.7E-3,1.118E3
12.68E-3,124.8E-3,1.118E3
12.71E-3,-125.9E-3,1.118E3
12.75E-3,-368.7E-3,1.118E3
12.78E-3,-588.3E-3,1.118E3
12.82E-3,-770.9E-3,1.118E3
12.85E-3,-905.1E-3,1.118E3
12.89E-3,-982.4E-3,1.118E3
12.92E-3,-998.0E-3,1.118E3
12.96E-3,-950.8E-3,1.118E3
13.00E-3,-843.9E-3,1.118E3
13.03E-3,-683.9E-3,1.118E3
13.07E-3,-480.9E-3,1.118E3
13.10E-3,-247.7E-3,1.118E3
13.14E-3,39.58E-6,1.127E3
13.17E-3,248.8E-3,1.127E3
13.21E-3,481.9E-3,1.127E3
13.24E-3,684.7E-3,1.127E3
13.28E-3,844.4E-3,1.127E3
13.31E-3,951.1E-3,1.127E3
13.35E-3,998.0E-3,1.127E3
13.38E-3,982.2E-3,1.127E3
13.42E-3,904.7E-3,1.127E3
13.45E-3,770.3E-3,1.127E3
13.49E-3,587.4E-3,1.127E3
13.53E-3,367.7E-3,1.127E3
13.56E-3,124.8E-3,1.127E3
13.60E-3,-125.9E-3,1.127E3
13.63E-3,-368.7E-3,1.127E3
13.67E-3,-588.3E-3,1.127E3
13.70E-3,-770.9E-3,1.127E3
13.74E-3,-905.1E-3,1.127E3
13.77E-3,-982.4E-3,1.127E3
13.81E-3,-998.0E-3,1.127E3
13.84E-3,-950.8E-3,1.127E3
13.88E-3,-843.9E-3,1.127E3
13.91E-3,-683.9E-3,1.127E3
13.95E-3,-480.9E-3,1.127E3
13.98E-3,-247.7E-3,1.127E3
14.02E-3,39.74E-6,1.136E3
14.05E-3,248.8E-3,1.136E3
14.09E-3,481.9E-3,1.136E3
14.12E-3,684.7E-3,1.136E3
14.16E-3,844.4E-3,1.136E3
14.19E-3,951.1E-3,1.136E3
14.23E-3,998.0E-3,1.136E3
14.26E-3,982.2E-3,1.136E3
14.30E-3,904.7E-3,1.136E3
14.33E-3,770.3E-3,1.136E3
14.37E-3,587.4E-3,1.136E3
14.40E-3,367.7E-3,1.136E3
14.44E-3,124.8E-3,1.136E3
14.47E-3,-125.9E-3,1.136E3
14.51E-3,-368.7E-3,1.136E3
14.54E-3,-588.3E-3,1.136E3
14.58E-3,-770.9E-3,1.136E3
14.61E-3,-905.1E-3,1.136E3
14.65E-3,-982.4E-3,1.136E3
14.68E-3,-998.0E-3,1.136E3
14.72E-3,-950.8E-3,1.136E3
14.75E-3,-843.9E-3,1.136E3
14.79E-3,-683.9E-3,1.136E3
14.82E-3,-480.9E-3,1.136E3
14.86E-3,-247.8E-3,1.136E3
14.89E-3,39.90E-6,1.145E3
14.93E-3,248.8E-3,1.145E3
14.96E-3,481.9E-3,1.145E3
15.00E-3,684.7E-3,1.145E3
15.03E-3,844.4E-3,1.145E3
15.07E-3,951.1E-3,1.145E3
15.10E-3,998.0E-3,1.145E3
15.13E-3,982.2E-3,1.145E3
15.17E-3,904.7E-3,1.145E3
15.20E-3,770.3E-3,1.145E3
15.24E-3,587.4E-3,1.145E3
15.27E-3,367.7E-3,1.145E3
15.31E-3,124.8E-3,1.145E3
15.34E-3,-125.9E-3,1.145E3
15.38E-3,-368.7E-3,1.145E3
15.41E-3,-588.3E-3,1.145E3
15.45E-3,-770.9E-3,1.145E3
15.48E-3,-905.1E-3,1.145E3
15.52E-3,-982.4E-3,1.145E3
15.55E-3,-998.0E-3,1.145E3
15.59E-3,-950.8E-3,1.145E3
15.62E-3,-843.9E-3,1.145E3
15.65E-3,-683.9E-3,1.145E3
15.69E-3,-481.0E-3,1.145E3
15.72E-3,-247.8E-3,1.145E3
15.76E-3,40.05E-6,1.153E3
15.79E-3,248.8E-3,1.153E3
15.83E-3,481.9E-3,1.153E3
15.86E-3,684.7E-3,1.153E3
15.90E-3,844.4E-3,1.153E3
15.93E-3,951.1E-3,1.153E3
15.97E-3,998.0E-3,1.153E3
16.00E-3,982.2E-3,1.153E3
16.03E-3,904.7E-3,1.153E3
16.07E-3,770.3E-3,1.153E3
16.10E-3,587.5E-3,1.153E3
16.14E-3,367.7E-3,1.153E3
16.17E-3,124.8E-3,1.153E3
16.21E-3,-125.9E-3,1.153E3
16.24E-3,-368.6E-3,1.153E3
16.28E-3,-588.3E-3,1.153E3
16.31E-3,-770.9E-3,1.153E3
16.34E-3,-905.1E-3,1.153E3
16.38E-3,-982.4E-3,1.153E3
16.41E-3,-998.0E-3,1.153E3
16.45E-3,-950.8E-3,1.153E3
16.48E-3,-843.9E-3,1.153E3
16.52E-3,-683.9E-3,1.153E3
16.55E-3,-481.0E-3,1.153E3
16.58E-3,-247.8E-3,1.153E3
16.62E-3,40.20E-6,1.162E3
16.65E-3,248.8E-3,1.162E3
16.69E-3,481.9E-3,1.162E3
16.72E-3,684.7E-3,1.162E3
16.76E-3,844.4E-3,1.162E3
16.79E-3,951.1E-3,1.162E3
16.82E-3,998.0E-3,1.162E3
16.86E-3,982.2E-3,1.162E3
16.89E-3,904.7E-3,1.162E3
16.93E-3,770.3E-3,1.162E3
16.96E-3,587.5E-3,1.162E3
17.00E-3,367.7E-3,1.162E3
17.03E-3,124.9E-3,1.162E3
17.06E-3,-125.8E-3,1.162E3
17.10E-3,-368.6E-3,1.162E3
17.13E-3,-588.3E-3,1.162E3
17.17E-3,-770.9E-3,1.162E3
17.20E-3,-905.1E-3,1.162E3
17.23E-3,-982.4E-3,1.162E3
17.27E-3,-998.0E-3,1.162E3
17.30E-3,-950.8E-3,1.162E3
17.34E-3,-843.9E-3,1.162E3
17.37E-3,-683.9E-3,1.162E3
17.41E-3,-481.0E-3,1.162E3
17.44E-3,-247.8E-3,1.162E3
17.47E-3,40.34E-6,1.170E3
17.51E-3,248.8E-3,1.170E3
17.54E-3,481.9E-3,1.170E3
17.58E-3,684.7E-3,1.170E3
17.61E-3,844.4E-3,1.170E3
17.64E-3,951.1E-3,1.170E3
17.68E-3,998.0E-3,1.170E3
17.71E-3,982.2E-3,1.170E3
17.75E-3,904.7E-3,1.170E3
17.78E-3,770.3E-3,1.170E3
17.81E-3,587.5E-3,1.170E3
17.85E-3,367.7E-3,1.170E3
17.88E-3,124.9E-3,1.170E3
17.92E-3,-125.8E-3,1.170E3
17.95E-3,-368.6E-3,1.170E3
17.98E-3,-588.3E-3,1.170E3
18.02E-3,-770.9E-3,1.170E3
18.05E-3,-905.1E-3,1.170E3
18.08E-3,-982.4E-3,1.170E3
18.12E-3,-998.0E-3,1.170E3
18.15E-3,-950.8E-3,1.170E3
18.19E-3,-843.9E-3,1.170E3
18.22E-3,-683.9E-3,1.170E3
18.25E-3,-481.0E-3,1.170E3
18.29E-3,-247.8E-3,1.170E3
18.32E-3,40.48E-6,1.179E3
18.36E-3,248.8E-3,1.179E3
18.39E-3,481.9E-3,1.179E3
18.42E-3,684.7E-3,1.179E3
18.46E-3,844.4E-3,1.179E3
18.49E-3,951.1E-3,1.179E3
18.52E-3,998.0E-3,1.179E3
18.56E-3,982.2E-3,1.179E3
18.59E-3,904.7E-3,1.179E3
18.63E-3,770.3E-3,1.179E3
18.66E-3,587.5E-3,1.179E3
18.69E-3,367.7E-3,1.179E3
18.73E-3,124.9E-3,1.179E3
18.76E-3,-125.8E-3,1.179E3
18.79E-3,-368.6E-3,1.179E3
18.83E-3,-588.3E-3,1.179E3
18.86E-3,-770.9E-3,1.179E3
18.89E-3,-905.1E-3,1.179E3
18.93E-3,-982.4E-3,1.179E3
18.96E-3,-998.0E-3,1.179E3
19.00E-3,-950.8E-3,1.179E3
19.03E-3,-843.9E-3,1.179E3
19.06E-3,-683.9E-3,1.179E3
19.10E-3,-481.0E-3,1.179E3
19.13E-3,-247.8E-3,1.179E3
19.16E-3,40.62E-6,1.187E3
19.20E-3,248.8E-3,1.187E3
19.23E-3,481.9E-3,1.187E3
19.26E-3,684.7E-3,1.187E3
19.30E-3,844.4E-3,1.187E3
19.33E-3,951.1E-3,1.187E3
19.37E-3,998.0E-3,1.187E3
19.40E-3,982.2E-3,1.187E3
19.43E-3,904.7E-3,1.187E3
19.47E-3,770.3E-3,1.187E3
19.50E-3,587.5E-3,1.187E3
19.53E-3,367.7E-3,1.187E3
19.57E-3,124.9E-3,1.187E3
19.60E-3,-125.8E-3,1.187E3
19.63E-3,-368.6E-3,1.187E3
19.67E-3,-588.2E-3,1.187E3
19.70E-3,-770.9E-3,1.187E3
19.73E-3,-905.1E-3,1.187E3
19.77E-3,-982.4E-3,1.187E3
19.80E-3,-998.0E-3,1.187E3
19.83E-3,-950.8E-3,1.187E3
19.87E-3,-843.9E-3,1.187E3
19.90E-3,-684.0E-3,1.187E3
19.93E-3,-481.0E-3,1.187E3
19.97E-3,-247.8E-3,1.187E3
20.00E-3,40.75E-6,1.196E3
20.03E-3,248.8E-3,1.196E3
20.07E-3,481.9E-3,1.196E3
20.10E-3,684.7E-3,1.196E3
20.13E-3,844.4E-3,1.196E3
20.17E-3,951.1E-3,1.196E3
20.20E-3,998.0E-3,1.196E3
20.23E-3,982.2E-3,1.196E3
20.27E-3,904.7E-3,1.196E3
20.30E-3,770.3E-3,1.196E3
20.33E-3,587.5E-3,1.196E3
20.37E-3,367.7E-3,1.196E3
20.40E-3,124.9E-3,1.196E3
20.43E-3,-125.8E-3,1.196E3
20.47E-3,-368.6E-3,1.196E3
20.50E-3,-588.2E-3,1.196E3
20.53E-3,-770.9E-3,1.196E3
20.57E-3,-905.1E-3,1.196E3
20.60E-3,-982.4E-3,1.196E3
20.63E-3,-998.0E-3,1.196E3
20.66E-3,-950.8E-3,1.196E3
20.70E-3,-843.9E-3,1.196E3
20.73E-3,-684.0E-3,1.196E3
20.76E-3,-481.0E-3,1.196E3
20.80E-3,-247.8E-3,1.196E3
20.83E-3,40.88E-6,1.204E3
20.86E-3,248.8E-3,1.204E3
20.90E-3,481.8E-3,1.204E3
20.93E-3,684.7E-3,1.204E3
20.96E-3,844.4E-3,1.204E3
21.00E-3,951.1E-3,1.204E3
21.03E-3,998.0E-3,1.204E3
21.06E-3,982.2E-3,1.204E3
21.10E-3,904.7E-3,1.204E3
21.13E-3,770.3E-3,1.204E3
21.16E-3,587.5E-3,1.204E3
21.19E-3,367.7E-3,1.204E3
21.23E-3,124.9E-3,1.204E3
21.26E-3,-125.8E-3,1.204E3
21.29E-3,-368.6E-3,1.204E3
21.33E-3,-588.2E-3,1.204E3
21.36E-3,-770.9E-3,1.204E3
21.39E-3,-905.1E-3,1.204E3
21.42E-3,-982.4E-3,1.204E3
21.46E-3,-998.0E-3,1.204E3
21.49E-3,-950.8E-3,1.204E3
21.52E-3,-843.9E-3,1.204E3
21.56E-3,-684.0E-3,1.204E3
21.59E-3,-481.0E-3,1.204E3
21.62E-3,-247.9E-3,1.204E3
21.66E-3,41.00E-6,1.212E3
21.69E-3,248.8E-3,1.212E3
21.72E-3,481.8E-3,1.212E3
21.75E-3,684.7E-3,1.212E3
21.79E-3,844.4E-3,1.212E3
21.82E-3,951.1E-3,1.212E3
21.85E-3,998.0E-3,1.212E3
21.89E-3,982.2E-3,1.212E3
21.92E-3,904.7E-3,1.212E3
21.95E-3,770.3E-3,1.212E3
21.98E-3,587.5E-3,1.212E3
22.02E-3,367.7E-3,1.212E3
22.05E-3,124.9E-3,1.212E3
22.08E-3,-125.8E-3,1.212E3
22.11E-3,-368.6E-3,1.212E3
22.15E-3,-588.2E-3,1.212E3
22.18E-3,-770.9E-3,1.212E3
22.21E-3,-905.1E-3,1.212E3
22.25E-3,-982.4E-3,1.212E3
22.28E-3,-998.0E-3,1.212E3
22.31E-3,-950.8E-3,1.212E3
22.34E-3,-843.9E-3,1.212E3
22.38E-3,-684.0E-3,1.212E3
22.41E-3,-481.0E-3,1.212E3
22.44E-3,-247.9E-3,1.212E3
22.47E-3,41.12E-6,1.221E3
22.51E-3,248.8E-3,1.221E3
22.54E-3,481.8E-3,1.221E3
22.57E-3,684.7E-3,1.221E3
22.61E-3,844.4E-3,1.221E3
22.64E-3,951.1E-3,1.221E3
22.67E-3,998.0E-3,1.221E3
22.70E-3,982.2E-3,1.221E3
22.74E-3,904.7E-3,1.221E3
22.77E-3,770.3E-3,1.221E3
22.80E-3,587.5E-3,1.221E3
22.83E-3,367.7E-3,1.221E3
22.87E-3,124.9E-3,1.221E3
22.90E-3,-125.8E-3,1.221E3
22.93E-3,-368.6E-3,1.221E3
22.96E-3,-588.2E-3,1.221E3
23.00E-3,-770.9E-3,1.221E3
23.03E-3,-905.1E-3,1.221E3
23.06E-3,-982.4E-3,1.221E3
23.09E-3,-998.0E-3,1.221E3
23.13E-3,-950.8E-3,1.221E3
23.16E-3,-843.9E-3,1.221E3
23.19E-3,-684.0E-3,1.221E3
23.22E-3,-481.0E-3,1.221E3
23.26E-3,-247.9E-3,1.221E3
23.29E-3,41.24E-6,1.229E3
23.32E-3,248.8E-3,1.229E3
23.35E-3,481.8E-3,1.229E3
23.39E-3,684.6E-3,1.229E3
23.42E-3,844.4E-3,1.229E3
23.45E-3,951.1E-3,1.229E3
23.48E-3,998.0E-3,1.229E3
23.52E-3,982.2E-3,1.229E3
23.55E-3,904.7E-3,1.229E3
23.58E-3,770.3E-3,1.229E3
23.61E-3,587.5E-3,1.229E3
23.64E-3,367.7E-3,1.229E3
23.68E-3,124.9E-3,1.229E3
23.71E-3,-125.8E-3,1.229E3
23.74E-3,-368.6E-3,1.229E3
23.77E-3,-588.2E-3,1.229E3
23.81E-3,-770.9E-3,1.229E3
23.84E-3,-905.1E-3,1.229E3
23.87E-3,-982.4E-3,1.229E3
23.90E-3,-998.0E-3,1.229E3
23.94E-3,-950.8E-3,1.229E3
23.97E-3,-843.9E-3,1.229E3
24.00E-3,-684.0E-3,1.229E3
24.03E-3,-481.1E-3,1.229E3
24.06E-3,-247.9E-3,1.229E3
24.10E-3,41.36E-6,1.237E3
24.13E-3,248.8E-3,1.237E3
24.16E-3,481.8E-3,1.237E3
24.19E-3,684.6E-3,1.237E3
24.23E-3,844.4E-3,1.237E3
24.26E-3,951.1E-3,1.237E3
24.29E-3,998.0E-3,1.237E3
24.32E-3,982.2E-3,1.237E3
24.35E-3,904.7E-3,1.237E3
24.39E-3,770.3E-3,1.237E3
24.42E-3,587.5E-3,1.237E3
24.45E-3,367.8E-3,1.237E3
24.48E-3,124.9E-3,1.237E3
24.52E-3,-125.8E-3,1.237E3
24.55E-3,-368.6E-3,1.237E3
24.58E-3,-588.2E-3,1.237E3
24.61E-3,-770.9E-3,1.237E3
24.64E-3,-905.1E-3,1.237E3
24.68E-3,-982.4E-3,1.237E3
24.71E-3,-998.0E-3,1.237E3
24.74E-3,-950.8E-3,1.237E3
24.77E-3,-843.9E-3,1.237E3
24.80E-3,-684.0E-3,1.237E3
24.84E-3,-481.1E-3,1.237E3
24.87E-3,-247.9E-3,1.237E3
24.90E-3,41.47E-6,1.245E3
24.93E-3,248.8E-3,1.245E3
24.96E-3,481.8E-3,1.245E3
25.00E-3,684.6E-3,1.245E3
25.03E-3,844.4E-3,1.245E3
25.06E-3,951.1E-3,1.245E3
25.09E-3,998.0E-3,1.245E3
25.12E-3,982.2E-3,1.245E3
25.16E-3,904.7E-3,1.245E3
25.19E-3,770.3E-3,1.245E3
25.22E-3,587.5E-3,1.245E3
25.25E-3,367.8E-3,1.245E3
25.28E-3,124.9E-3,1.245E3
25.32E-3,-125.8E-3,1.245E3
25.35E-3,-368.6E-3,1.245E3
25.38E-3,-588.2E-3,1.245E3
25.41E-3,-770.9E-3,1.245E3
25.44E-3,-905.1E-3,1.245E3
25.48E-3,-982.4E-3,1.245E3
25.51E-3,-998.0E-3,1.245E3
25.54E-3,-950.8E-3,1.245E3
25.57E-3,-843.9E-3,1.245E3
25.60E-3,-684.0E-3,1.245E3
25.63E-3,-481.1E-3,1.245E3
25.67E-3,-247.9E-3,1.245E3
25.70E-3,41.58E-6,1.253E3
25.73E-3,248.8E-3,1.253E3
25.76E-3,481.8E-3,1.253E3
25.79E-3,684.6E-3,1.253E3
25.83E-3,844.4E-3,1.253E3
25.86E-3,951.1E-3,1.253E3
25.89E-3,998.0E-3,1.253E3
25.92E-3,982.2E-3,1.253E3
25.95E-3,904.7E-3,1.253E3
25.98E-3,770.3E-3,1.253E3
26.02E-3,587.5E-3,1.253E3
26.05E-3,367.8E-3,1.253E3
26.08E-3,124.9E-3,1.253E3
26.11E-3,-125.8E-3,1.253E3
26.14E-3,-368.6E-3,1.253E3
26.17E-3,-588.2E-3,1.253E3
26.21E-3,-770.9E-3,1.253E3
26.24E-3,-905.1E-3,1.253E3
26.27E-3,-982.4E-3,1.253E3
26.30E-3,-998.0E-3,1.253E3
26.33E-3,-950.8E-3,1.253E3
26.36E-3,-843.9E-3,1.253E3
26.40E-3,-684.0E-3,1.253E3
26.43E-3,-481.1E-3,1.253E3
26.46E-3,-247.9E-3,1.253E3
26.49E-3,41.68E-6,1.261E3
26.52E-3,248.8E-3,1.261E3
26.55E-3,481.8E-3,1.261E3
26.59E-3,684.6E-3,1.261E3
26.62E-3,844.4E-3,1.261E3
26.65E-3,951.1E-3,1.261E3
26.68E-3,998.0E-3,1.261E3
26.71E-3,982.2E-3,1.261E3
26.74E-3,904.7E-3,1.261E3
26.78E-3,770.3E-3,1.261E3
26.81E-3,587.5E-3,1.261E3
26.84E-3,367.8E-3,1.261E3
26.87E-3,124.9E-3,1.261E3
26.90E-3,-125.8E-3,1.261E3
26.93E-3,-368.6E-3,1.261E3
26.96E-3,-588.2E-3,1.261E3
27.00E-3,-770.9E-3,1.261E3
27.03E-3,-905.1E-3,1.261E3
27.06E-3,-982.4E-3,1.261E3
27.09E-3,-998.0E-3,1.261E3
27.12E-3,-950.9E-3,1.261E3
27.15E-3,-844.0E-3,1.261E3
27.18E-3,-684.0E-3,1.261E3
27.22E-3,-481.1E-3,1.261E3
27.25E-3,-247.9E-3,1.261E3
27.28E-3,41.79E-6,1.269E3
27.31E-3,248.8E-3,1.269E3
27.34E-3,481.8E-3,1.269E3
27.37E-3,684.6E-3,1.269E3
27.40E-3,844.4E-3,1.269E3
27.44E-3,951.1E-3,1.269E3
27.47E-3,998.0E-3,1.269E3
27.50E-3,982.2E-3,1.269E3
27.53E-3,904.7E-3,1.269E3
27.56E-3,770.3E-3,1.269E3
27.59E-3,587.5E-3,1.269E3
27.62E-3,367.8E-3,1.269E3
27.66E-3,124.9E-3,1.269E3
27.69E-3,-125.8E-3,1.269E3
27.72E-3,-368.6E-3,1.269E3
27.75E-3,-588.2E-3,1.269E3
27.78E-3,-770.9E-3,1.269E3
27.81E-3,-905.1E-3,1.269E3
27.84E-3,-982.4E-3,1.269E3
27.88E-3,-998.0E-3,1.269E3
27.91E-3,-950.9E-3,1.269E3
27.94E-3,-844.0E-3,1.269E3
27.97E-3,-684.0E-3,1.269E3
28.00E-3,-481.1E-3,1.269E3
28.03E-3,-247.9E-3,1.269E3
28.06E-3,41.89E-6,1.277E3
28.09E-3,248.8E-3,1.277E3
28.12E-3,481.8E-3,1.277E3
28.16E-3,684.6E-3,1.277E3
28.19E-3,844.4E-3,1.277E3
28.22E-3,951.1E-3,1.277E3
28.25E-3,998.0E-3,1.277E3
28.28E-3,982.2E-3,1.277E3
28.31E-3,904.7E-3,1.277E3
28.34E-3,770.3E-3,1.277E3
28.37E-3,587.5E-3,1.277E3
28.41E-3,367.8E-3,1.277E3
28.44E-3,124.9E-3,1.277E3
28.47E-3,-125.8E-3,1.277E3
28.50E-3,-368.6E-3,1.277E3
28.53E-3,-588.2E-3,1.277E3
28.56E-3,-770.9E-3,1.277E3
28.59E-3,-905.1E-3,1.277E3
28.62E-3,-982.4E-3,1.277E3
28.65E-3,-998.0E-3,1.277E3
28.69E-3,-950.9E-3,1.277E3
28.72E-3,-844.0E-3,1.277E3
28.75E-3,-684.0E-3,1.277E3
28.78E-3,-481.1E-3,1.277E3
28.81E-3,-247.9E-3,1.277E3
28.84E-3,41.99E-6,1.285E3
28.87E-3,248.8E-3,1.285E3
28.90E-3,481.8E-3,1.285E3
28.93E-3,684.6E-3,1.285E3
28.97E-3,844.4E-3,1.285E3
29.00E-3,951.1E-3,1.285E3
29.03E-3,998.0E-3,1.285E3
29.06E-3,982.2E-3,1.285E3
29.09E-3,904.7E-3,1.285E3
29.12E-3,770.3E-3,1.285E3
29.15E-3,587.5E-3,1.285E3
29.18E-3,367.8E-3,1.285E3
29.21E-3,124.9E-3,1.285E3
29.24E-3,-125.8E-3,1.285E3
29.27E-3,-368.6E-3,1.285E3
29.31E-3,-588.2E-3,1.285E3
29.34E-3,-770.8E-3,1.285E3
29.37E-3,-905.1E-3,1.285E3
29.40E-3,-982.4E-3,1.285E3
29.43E-3,-998.0E-3,1.285E3
29.46E-3,-950.9E-3,1.285E3
29.49E-3,-844.0E-3,1.285E3
29.52E-3,-684.0E-3,1.285E3
29.55E-3,-481.1E-3,1.285E3
29.58E-3,-247.9E-3,1.285E3
29.61E-3,42.08E-6,1.292E3
29.65E-3,248.8E-3,1.292E3
29.68E-3,481.8E-3,1.292E3
29.71E-3,684.6E-3,1.292E3
29.74E-3,844.4E-3,1.292E3
29.77E-3,951.1E-3,1.292E3
29.80E-3,998.0E-3,1.292E3
29.83E-3,982.2E-3,1.292E3
29.86E-3,904.7E-3,1.292E3
29.89E-3,770.3E-3,1.292E3
29.92E-3,587.5E-3,1.292E3
29.95E-3,367.8E-3,1.292E3
29.98E-3,124.9E-3,1.292E3
30.02E-3,-125.8E-3,1.292E3
30.05E-3,-368.6E-3,1.292E3
30.08E-3,-588.2E-3,1.292E3
30.11E-3,-770.8E-3,1.292E3
30.14E-3,-905.1E-3,1.292E3
30.17E-3,-982.4E-3,1.292E3
30.20E-3,-998.0E-3,1.292E3
30.23E-3,-950.9E-3,1.292E3
30.26E-3,-844.0E-3,1.292E3
30.29E-3,-684.0E-3,1.292E3
30.32E-3,-481.1E-3,1.292E3
30.35E-3,-248.0E-3,1.292E3
30.38E-3,42.18E-6,1.300E3
30.41E-3,248.8E-3,1.300E3
30.45E-3,481.8E-3,1.300E3
30.48E-3,684.6E-3,1.300E3
30.51E-3,844.4E-3,1.300E3
30.54E-3,951.1E-3,1.300E3
30.57E-3,998.0E-3,1.300E3
30.60E-3,982.2E-3,1.300E3
30.63E-3,904.7E-3,1.300E3
30.66E-3,770.3E-3,1.300E3
30.69E-3,587.5E-3,1.300E3
30.72E-3,367.8E-3,1.300E3
30.75E-3,124.9E-3,1.300E3
30.78E-3,-125.8E-3,1.300E3
30.81E-3,-368.5E-3,1.300E3
30.84E-3,-588.2E-3,1.300E3
30.87E-3,-770.8E-3,1.300E3
30.90E-3,-905.1E-3,1.300E3
30.94E-3,-982.4E-3,1.300E3
30.97E-3,-998.0E-3,1.300E3
31.00E-3,-950.9E-3,1.300E3
31.03E-3,-844.0E-3,1.300E3
31.06E-3,-684.0E-3,1.300E3
31.09E-3,-481.1E-3,1.300E3
31.12E-3,-248.0E-3,1.300E3
31.15E-3,42.27E-6,1.308E3
31.18E-3,248.8E-3,1.308E3
31.21E-3,481.8E-3,1.308E3
31.24E-3,684.6E-3,1.308E3
31.27E-3,844.4E-3,1.308E3
31.30E-3,951.1E-3,1.308E3
31.33E-3,998.0E-3,1.308E3
31.36E-3,982.2E-3,1.308E3
31.39E-3,904.7E-3,1.308E3
31.42E-3,770.3E-3,1.308E3
31.45E-3,587.5E-3,1.308E3
31.48E-3,367.8E-3,1.308E3
31.51E-3,124.9E-3,1.308E3
31.54E-3,-125.8E-3,1.308E3
31.58E-3,-368.5E-3,1.308E3
31.61E-3,-588.2E-3,1.308E3
31.64E-3,-770.8E-3,1.308E3
31.67E-3,-905.1E-3,1.308E3
31.70E-3,-982.4E-3,1.308E3
31.73E-3,-998.0E-3,1.308E3
31.76E-3,-950.9E-3,1.308E3
31.79E-3,-844.0E-3,1.308E3
31.82E-3,-684.0E-3,1.308E3
31.85E-3,-481.1E-3,1.308E3
31.88E-3,-248.0E-3,1.308E3
31.91E-3,42.36E-6,1.315E3
31.94E-3,248.8E-3,1.315E3
31.97E-3,481.8E-3,1.315E3
32.00E-3,684.6E-3,1.315E3
32.03E-3,844.4E-3,1.315E3
32.06E-3,951.1E-3,1.315E3
32.09E-3,998.0E-3,1.315E3
32.12E-3,982.2E-3,1.315E3
32.15E-3,904.7E-3,1.315E3
32.18E-3,770.3E-3,1.315E3
32.21E-3,587.5E-3,1.315E3
32.24E-3,367.8E-3,1.315E3
32.27E-3,124.9E-3,1.315E3
32.30E-3,-125.7E-3,1.315E3
32.33E-3,-368.5E-3,1.315E3
32.36E-3,-588.2E-3,1.315E3
32.39E-3,-770.8E-3,1.315E3
32.42E-3,-905.1E-3,1.315E3
32.45E-3,-982.4E-3,1.315E3
32.48E-3,-998.0E-3,1.315E3
32.51E-3,-950.9E-3,1.315E3
32.54E-3,-844.0E-3,1.315E3
32.57E-3,-684.1E-3,1.315E3
32.60E-3,-481.1E-3,1.315E3
32.63E-3,-248.0E-3,1.315E3
32.66E-3,42.44E-6,1.323E3
32.70E-3,248.8E-3,1.323E3
32.73E-3,481.8E-3,1.323E3
32.76E-3,684.6E-3,1.323E3
32.79E-3,844.4E-3,1.323E3
32.82E-3,951.1E-3,1.323E3
32.85E-3,998.0E-3,1.323E3
32.88E-3,982.2E-3,1.323E3
32.91E-3,904.7E-3,1.323E3
32.94E-3,770.3E-3,1.323E3
32.97E-3,587.5E-3,1.323E3
33.00E-3,367.8E-3,1.323E3
33.03E-3,125.0E-3,1.323E3
33.06E-3,-125.7E-3,1.323E3
33.09E-3,-368.5E-3,1.323E3
33.12E-3,-588.2E-3,1.323E3
33.15E-3,-770.8E-3,1.323E3
33.18E-3,-905.1E-3,1.323E3
33.21E-3,-982.4E-3,1.323E3
33.24E-3,-998.0E-3,1.323E3
33.27E-3,-950.9E-3,1.323E3
33.30E-3,-844.0E-3,1.323E3
33.33E-3,-684.1E-3,1.323E3
33.36E-3,-481.1E-3,1.323E3
33.39E-3,-248.0E-3,1.323E3
33.42E-3,42.53E-6,1.330E3
33.45E-3,248.8E-3,1.330E3
33.48E-3,481.8E-3,1.330E3
33.51E-3,684.6E-3,1.330E3
33.54E-3,844.4E-3,1.330E3
33.57E-3,951.1E-3,1.330E3
33.60E-3,998.0E-3,1.330E3
33.63E-3,982.2E-3,1.330E3
33.66E-3,904.7E-3,1.330E3
33.69E-3,770.3E-3,1.330E3
33.72E-3,587.5E-3,1.330E3
33.75E-3,367.8E-3,1.330E3
33.78E-3,125.0E-3,1.330E3
33.81E-3,-125.7E-3,1.330E3
33.84E-3,-368.5E-3,1.330E3
33.87E-3,-588.2E-3,1.330E3
33.90E-3,-770.8E-3,1.330E3
33.93E-3,-905.0E-3,1.330E3
33.96E-3,-982.4E-3,1.330E3
33.99E-3,-998.0E-3,1.330E3
34.01E-3,-950.9E-3,1.330E3
34.04E-3,-844.0E-3,1.330E3
34.07E-3,-684.1E-3,1.330E3
34.10E-3,-481.1E-3,1.330E3
34.13E-3,-248.0E-3,1.330E3
34.16E-3,42.61E-6,1.338E3
34.19E-3,248.8E-3,1.338E3
34.22E-3,481.8E-3,1.338E3
34.25E-3,684.6E-3,1.338E3
34.28E-3,844.4E-3,1.338E3
34.31E-3,951.1E-3,1.338E3
34.34E-3,998.0E-3,1.338E3
34.37E-3,982.2E-3,1.338E3
34.40E-3,904.7E-3,1.338E3
34.43E-3,770.3E-3,1.338E3
34.46E-3,587.5E-3,1.338E3
34.49E-3,367.8E-3,1.338E3
34.52E-3,125.0E-3,1.338E3
34.55E-3,-125.7E-3,1.338E3
34.58E-3,-368.5E-3,1.338E3
34.61E-3,-588.2E-3,1.338E3
34.64E-3,-770.8E-3,1.338E3
34.67E-3,-905.0E-3,1.338E3
34.70E-3,-982.4E-3,1.338E3
34.73E-3,-998.0E-3,1.338E3
34.76E-3,-950.9E-3,1.338E3
34.79E-3,-844.0E-3,1.338E3
34.82E-3,-684.1E-3,1.338E3
34.85E-3,-481.2E-3,1.338E3
34.88E-3,-248.0E-3,1.338E3
34.91E-3,42.70E-6,1.345E3
34.94E-3,248.8E-3,1.345E3
34.97E-3,481.8E-3,1.345E3
35.00E-3,684.6E-3,1.345E3
35.03E-3,844.4E-3,1.345E3
35.06E-3,951.1E-3,1.345E3
35.09E-3,998.0E-3,1.345E3
35.11E-3,982.2E-3,1.345E3
35.14E-3,904.7E-3,1.345E3
35.17E-3,770.3E-3,1.345E3
35.20E-3,587.5E-3,1.345E3
35.23E-3,367.8E-3,1.345E3
35.26E-3,125.0E-3,1.345E3
35.29E-3,-125.7E-3,1.345E3
35.32E-3,-368.5E-3,1.345E3
35.35E-3,-588.2E-3,1.345E3
35.38E-3,-770.8E-3,1.345E3
35.41E-3,-905.0E-3,1.345E3
35.44E-3,-982.4E-3,1.345E3
35.47E-3,-998.0E-3,1.345E3
35.50E-3,-950.9E-3,1.345E3
35.53E-3,-844.0E-3,1.345E3
35.56E-3,-684.1E-3,1.345E3
35.59E-3,-481.2E-3,1.345E3
35.62E-3,-248.0E-3,1.345E3
35.65E-3,42.78E-6,1.353E3
35.68E-3,248.8E-3,1.353E3
35.71E-3,481.8E-3,1.353E3
35.74E-3,684.6E-3,1.353E3
35.76E-3,844.4E-3,1.353E3
35.79E-3,951.1E-3,1.353E3
35.82E-3,998.0E-3,1.353E3
35.85E-3,982.2E-3,1.353E3
35.88E-3,904.7E-3,1.353E3
35.91E-3,770.3E-3,1.353E3
35.94E-3,587.5E-3,1.353E3
35.97E-3,367.8E-3,1.353E3
36.00E-3,125.0E-3,1.353E3
36.03E-3,-125.7E-3,1.353E3
36.06E-3,-368.5E-3,1.353E3
36.09E-3,-588.2E-3,1.353E3
36.12E-3,-770.8E-3,1.353E3
36.15E-3,-905.0E-3,1.353E3
36.18E-3,-982.4E-3,1.353E3
36.21E-3,-998.0E-3,1.353E3
36.24E-3,-950.9E-3,1.353E3
36.26E-3,-844.0E-3,1.353E3
36.29E-3,-684.1E-3,1.353E3
36.32E-3,-481.2E-3,1.353E3
36.35E-3,-248.0E-3,1.353E3
36.38E-3,42.85E-6,1.360E3
36.41E-3,248.8E-3,1.360E3
36.44E-3,481.8E-3,1.360E3
36.47E-3,684.6E-3,1.360E3
36.50E-3,844.4E-3,1.360E3
36.53E-3,951.1E-3,1.360E3
36.56E-3,998.0E-3,1.360E3
36.59E-3,982.2E-3,1.360E3
36.62E-3,904.7E-3,1.360E3
36.65E-3,770.3E-3,1.360E3
36.67E-3,587.5E-3,1.360E3
36.70E-3,367.8E-3,1.360E3
36.73E-3,125.0E-3,1.360E3
36.76E-3,-125.7E-3,1.360E3
36.79E-3,-368.5E-3,1.360E3
36.82E-3,-588.1E-3,1.360E3
36.85E-3,-770.8E-3,1.360E3
36.88E-3,-905.0E-3,1.360E3
36.91E-3,-982.4E-3,1.360E3
36.94E-3,-998.0E-3,1.360E3
36.97E-3,-950.9E-3,1.360E3
37.00E-3,-844.0E-3,1.360E3
37.03E-3,-684.1E-3,1.360E3
37.05E-3,-481.2E-3,1.360E3
37.08E-3,-248.0E-3,1.360E3
37.11E-3,42.93E-6,1.367E3
37.14E-3,248.8E-3,1.367E3
37.17E-3,481.8E-3,1.367E3
37.20E-3,684.6E-3,1.367E3
37.23E-3,844.4E-3,1.367E3
37.26E-3,951.1E-3,1.367E3
37.29E-3,998.0E-3,1.367E3
37.32E-3,982.2E-3,1.367E3
37.35E-3,904.7E-3,1.367E3
37.38E-3,770.3E-3,1.367E3
37.40E-3,587.5E-3,1.367E3
37.43E-3,367.8E-3,1.367E3
37.46E-3,125.0E-3,1.367E3
37.49E-3,-125.7E-3,1.367E3
37.52E-3,-368.5E-3,1.367E3
37.55E-3,-588.1E-3,1.367E3
37.58E-3,-770.8E-3,1.367E3
37.61E-3,-905.0E-3,1.367E3
37.64E-3,-982.4E-3,1.367E3
37.67E-3,-998.0E-3,1.367E3
37.70E-3,-950.9E-3,1.367E3
37.72E-3,-844.0E-3,1.367E3
37.75E-3,-684.1E-3,1.367E3
37.78E-3,-481.2E-3,1.367E3
37.81E-3,-248.0E-3,1.367E3
37.84E-3,43.01E-6,1.375E3
37.87E-3,248.8E-3,1.375E3
37.90E-3,481.8E-3,1.375E3
37.93E-3,684.6E-3,1.375E3
37.96E-3,844.4E-3,1.375E3
37.99E-3,951.1E-3,1.375E3
38.01E-3,998.0E-3,1.375E3
38.04E-3,982.2E-3,1.375E3
38.07E-3,904.7E-3,1.375E3
38.10E-3,770.3E-3,1.375E3
38.13E-3,587.5E-3,1.375E3
38.16E-3,367.8E-3,1.375E3
38.19E-3,125.0E-3,1.375E3
38.22E-3,-125.7E-3,1.375E3
38.25E-3,-368.5E-3,1.375E3
38.28E-3,-588.1E-3,1.375E3
38.30E-3,-770.8E-3,1.375E3
38.33E-3,-905.0E-3,1.375E3
38.36E-3,-982.4E-3,1.375E3
38.39E-3,-998.0E-3,1.375E3
38.42E-3,-950.9E-3,1.375E3
38.45E-3,-844.0E-3,1.375E3
38.48E-3,-684.1E-3,1.375E3
38.51E-3,-481.2E-3,1.375E3
38.54E-3,-248.0E-3,1.375E3
38.56E-3,43.08E-6,1.382E3
38.59E-3,248.8E-3,1.382E3
38.62E-3,481.8E-3,1.382E3
38.65E-3,684.6E-3,1.382E3
38.68E-3,844.4E-3,1.382E3
38.71E-3,951.1E-3,1.382E3
38.74E-3,998.0E-3,1.382E3
38.77E-3,982.2E-3,1.382E3
38.79E-3,904.7E-3,1.382E3
38.82E-3,770.3E-3,1.382E3
38.85E-3,587.5E-3,1.382E3
38.88E-3,367.8E-3,1.382E3
38.91E-3,125.0E-3,1.382E3
38.94E-3,-125.7E-3,1.382E3
38.97E-3,-368.5E-3,1.382E3
39.00E-3,-588.1E-3,1.382E3
39.03E-3,-770.8E-3,1.382E3
39.05E-3,-905.0E-3,1.382E3
39.08E-3,-982.4E-3,1.382E3
39.11E-3,-998.0E-3,1.382E3
39.14E-3,-950.9E-3,1.382E3
39.17E-3,-844.0E-3,1.382E3
39.20E-3,-684.1E-3,1.382E3
39.23E-3,-481.2E-3,1.382E3
39.26E-3,-248.0E-3,1.382E3
39.28E-3,43.15E-6,1.389E3
39.31E-3,248.8E-3,1.389E3
39.34E-3,481.8E-3,1.389E3
39.37E-3,684.6E-3,1.389E3
39.40E-3,844.4E-3,1.389E3
39.43E-3,951.1E-3,1.389E3
39.46E-3,998.0E-3,1.389E3
39.48E-3,982.2E-3,1.389E3
39.51E-3,904.7E-3,1.389E3
39.54E-3,770.3E-3,1.389E3
39.57E-3,587.5E-3,1.389E3
39.60E-3,367.8E-3,1.389E3
39.63E-3,125.0E-3,1.389E3
39.66E-3,-125.7E-3,1.389E3
39.69E-3,-368.5E-3,1.389E3
39.71E-3,-588.1E-3,1.389E3
39.74E-3,-770.8E-3,1.389E3
39.77E-3,-905.0E-3,1.389E3
39.80E-3,-982.4E-3,1.389E3
39.83E-3,-998.0E-3,1.389E3
39.86E-3,-950.9E-3,1.389E3
39.89E-3,-844.0E-3,1.389E3
39.91E-3,-684.1E-3,1.389E3
39.94E-3,-481.2E-3,1.389E3
39.97E-3,-248.0E-3,1.389E3
40.00E-3,43.22E-6,1.396E3
40.03E-3,248.8E-3,1.396E3
40.06E-3,481.8E-3,1.396E3
40.09E-3,684.6E-3,1.396E3
40.11E-3,844.4E-3,1.396E3
40.14E-3,951.1E-3,1.396E3
40.17E-3,998.0E-3,1.396E3
40.20E-3,982.2E-3,1.396E3
40.23E-3,904.7E-3,1.396E3
40.26E-3,770.3E-3,1.396E3
40.29E-3,587.5E-3,1.396E3
40.31E-3,367.8E-3,1.396E3
40.34E-3,125.0E-3,1.396E3
40.37E-3,-125.7E-3,1.396E3
40.40E-3,-368.5E-3,1.396E3
40.43E-3,-588.1E-3,1.396E3
40.46E-3,-770.8E-3,1.396E3
40.48E-3,-905.0E-3,1.396E3
40.51E-3,-982.4E-3,1.396E3
40.54E-3,-998.0E-3,1.396E3
40.57E-3,-950.9E-3,1.396E3
40.60E-3,-844.0E-3,1.396E3
40.63E-3,-684.1E-3,1.396E3
40.66E-3,-481.2E-3,1.396E3
40.68E-3,-248.1E-3,1.396E3
40.71E-3,43.29E-6,1.404E3
40.74E-3,248.8E-3,1.404E3
40.77E-3,481.8E-3,1.404E3
40.80E-3,684.6E-3,1.404E3
40.83E-3,844.4E-3,1.404E3
40.85E-3,951.1E-3,1.404E3
40.88E-3,998.0E-3,1.404E3
40.91E-3,982.2E-3,1.404E3
40.94E-3,904.7E-3,1.404E3
40.97E-3,770.3E-3,1.404E3
41.00E-3,587.5E-3,1.404E3
41.02E-3,367.8E-3,1.404E3
41.05E-3,125.0E-3,1.404E3
41.08E-3,-125.7E-3,1.404E3
41.11E-3,-368.5E-3,1.404E3
41.14E-3,-588.1E-3,1.404E3
41.17E-3,-770.8E-3,1.404E3
41.19E-3,-905.0E-3,1.404E3
41.22E-3,-982.4E-3,1.404E3
41.25E-3,-998.0E-3,1.404E3
41.28E-3,-950.9E-3,1.404E3
41.31E-3,-844.0E-3,1.404E3
41.34E-3,-684.1E-3,1.404E3
41.36E-3,-481.2E-3,1.404E3
41.39E-3,-248.1E-3,1.404E3
41.42E-3,43.36E-6,1.411E3
41.45E-3,248.8E-3,1.411E3
41.48E-3,481.8E-3,1.411E3
41.51E-3,684.6E-3,1.411E3
41.53E-3,844.4E-3,1.411E3
41.56E-3,951.1E-3,1.411E3
41.59E-3,998.0E-3,1.411E3
41.62E-3,982.2E-3,1.411E3
41.65E-3,904.7E-3,1.411E3
41.68E-3,770.3E-3,1.411E3
41.70E-3,587.5E-3,1.411E3
41.73E-3,367.8E-3,1.411E3
41.76E-3,125.0E-3,1.411E3
41.79E-3,-125.7E-3,1.411E3
41.82E-3,-368.5E-3,1.411E3
41.85E-3,-588.1E-3,1.411E3
41.87E-3,-770.8E-3,1.411E3
41.90E-3,-905.0E-3,1.411E3
41.93E-3,-982.4E-3,1.411E3
41.96E-3,-998.0E-3,1.411E3
41.99E-3,-950.9E-3,1.411E3
42.01E-3,-844.0E-3,1.411E3
42.04E-3,-684.1E-3,1.411E3
42.07E-3,-481.2E-3,1.411E3
42.10E-3,-248.1E-3,1.411E3
42.13E-3,43.42E-6,1.418E3
42.15E-3,248.8E-3,1.418E3
42.18E-3,481.8E-3,1.418E3
42.21E-3,684.6E-3,1.418E3
42.24E-3,844.4E-3,1.418E3
42.27E-3,951.1E-3,1.418E3
42.30E-3,998.0E-3,1.418E3
42.32E-3,982.2E-3,1.418E3
42.35E-3,904.7E-3,1.418E3
42.38E-3,770.3E-3,1.418E3
42.41E-3,587.5E-3,1.418E3
42.44E-3,367.8E-3,1.418E3
42.46E-3,125.0E-3,1.418E3
42.49E-3,-125.7E-3,1.418E3
42.52E-3,-368.5E-3,1.418E3
42.55E-3,-588.1E-3,1.418E3
42.58E-3,-770.8E-3,1.418E3
42.60E-3,-905.0E-3,1.418E3
42.63E-3,-982.4E-3,1.418E3
42.66E-3,-998.0E-3,1.418E3
42.69E-3,-950.9E-3,1.418E3
42.72E-3,-844.0E-3,1.418E3
42.74E-3,-684.1E-3,1.418E3
42.77E-3,-481.2E-3,1.418E3
42.80E-3,-248.1E-3,1.418E3
42.83E-3,43.49E-6,1.425E3
42.86E-3,248.8E-3,1.425E3
42.88E-3,481.8E-3,1.425E3
42.91E-3,684.6E-3,1.425E3
42.94E-3,844.4E-3,1.425E3
42.97E-3,951.1E-3,1.425E3
43.00E-3,998.0E-3,1.425E3
43.02E-3,982.2E-3,1.425E3
43.05E-3,904.7E-3,1.425E3
43.08E-3,770.3E-3,1.425E3
43.11E-3,587.6E-3,1.425E3
43.14E-3,367.8E-3,1.425E3
43.16E-3,125.0E-3,1.425E3
43.19E-3,-125.7E-3,1.425E3
43.22E-3,-368.5E-3,1.425E3
43.25E-3,-588.1E-3,1.425E3
43.28E-3,-770.8E-3,1.425E3
43.30E-3,-905.0E-3,1.425E3
43.33E-3,-982.4E-3,1.425E3
43.36E-3,-998.0E-3,1.425E3
43.39E-3,-950.9E-3,1.425E3
43.42E-3,-844.0E-3,1.425E3
43.44E-3,-684.1E-3,1.425E3
43.47E-3,-481.2E-3,1.425E3
43.50E-3,-248.1E-3,1.425E3
43.53E-3,43.55E-6,1.432E3
43.55E-3,248.8E-3,1.432E3
43.58E-3,481.8E-3,1.432E3
43.61E-3,684.6E-3,1.432E3
43.64E-3,844.4E-3,1.432E3
43.67E-3,951.1E-3,1.432E3
43.69E-3,998.0E-3,1.432E3
43.72E-3,982.2E-3,1.432E3
43.75E-3,904.7E-3,1.432E3
43.78E-3,770.3E-3,1.432E3
43.81E-3,587.6E-3,1.432E3
43.83E-3,367.8E-3,1.432E3
43.86E-3,125.0E-3,1.432E3
43.89E-3,-125.7E-3,1.432E3
43.92E-3,-368.5E-3,1.432E3
43.94E-3,-588.1E-3,1.432E3
43.97E-3,-770.8E-3,1.432E3
44.00E-3,-905.0E-3,1.432E3
44.03E-3,-982.4E-3,1.432E3
44.06E-3,-998.0E-3,1.432E3
44.08E-3,-950.9E-3,1.432E3
44.11E-3,-844.0E-3,1.432E3
44.14E-3,-684.1E-3,1.432E3
44.17E-3,-481.2E-3,1.432E3
44.19E-3,-248.1E-3,1.432E3
44.22E-3,43.61E-6,1.439E3
44.25E-3,248.8E-3,1.439E3
44.28E-3,481.8E-3,1.439E3
44.31E-3,684.6E-3,1.439E3
44.33E-3,844.4E-3,1.439E3
44.36E-3,951.1E-3,1.439E3
44.39E-3,998.0E-3,1.439E3
44.42E-3,982.2E-3,1.439E3
44.44E-3,904.7E-3,1.439E3
44.47E-3,770.3E-3,1.439E3
44.50E-3,587.6E-3,1.439E3
44.53E-3,367.8E-3,1.439E3
44.55E-3,125.0E-3,1.439E3
44.58E-3,-125.7E-3,1.439E3
44.61E-3,-368.5E-3,1.439E3
44.64E-3,-588.1E-3,1.439E3
44.67E-3,-770.8E-3,1.439E3
44.69E-3,-905.0E-3,1.439E3
44.72E-3,-982.4E-3,1.439E3
44.75E-3,-998.0E-3,1.439E3
44.78E-3,-950.9E-3,1.439E3
44.80E-3,-844.0E-3,1.439E3
44.83E-3,-684.1E-3,1.439E3
44.86E-3,-481.2E-3,1.439E3
44.89E-3,-248.1E-3,1.439E3
44.91E-3,43.68E-6,1.446E3
44.94E-3,248.8E-3,1.446E3
44.97E-3,481.8E-3,1.446E3
45.00E-3,684.6E-3,1.446E3
45.02E-3,844.4E-3,1.446E3
45.05E-3,951.1E-3,1.446E3
45.08E-3,998.0E-3,1.446E3
45.11E-3,982.2E-3,1.446E3
45.13E-3,904.7E-3,1.446E3
45.16E-3,770.3E-3,1.446E3
45.19E-3,587.6E-3,1.446E3
45.22E-3,367.8E-3,1.446E3
45.24E-3,125.0E-3,1.446E3
45.27E-3,-125.7E-3,1.446E3
45.30E-3,-368.5E-3,1.446E3
45.33E-3,-588.1E-3,1.446E3
45.35E-3,-770.8E-3,1.446E3
45.38E-3,-905.0E-3,1.446E3
45.41E-3,-982.4E-3,1.446E3
45.44E-3,-998.0E-3,1.446E3
45.46E-3,-950.9E-3,1.446E3
45.49E-3,-844.0E-3,1.446E3
45.52E-3,-684.1E-3,1.446E3
45.55E-3,-481.2E-3,1.446E3
45.57E-3,-248.1E-3,1.446E3
45.60E-3,43.74E-6,1.453E3
45.63E-3,248.8E-3,1.453E3
45.66E-3,481.8E-3,1.453E3
45.68E-3,684.6E-3,1.453E3
45.71E-3,844.4E-3,1.453E3
45.74E-3,951.1E-3,1.453E3
45.77E-3,998.0E-3,1.453E3
45.79E-3,982.2E-3,1.453E3
45.82E-3,904.7E-3,1.453E3
45.85E-3,770.3E-3,1.453E3
45.88E-3,587.6E-3,1.453E3
45.90E-3,367.8E-3,1.453E3
45.93E-3,125.0E-3,1.453E3
45.96E-3,-125.7E-3,1.453E3
45.99E-3,-368.5E-3,1.453E3
46.01E-3,-588.1E-3,1.453E3
46.04E-3,-770.8E-3,1.453E3
46.07E-3,-905.0E-3,1.453E3
46.10E-3,-982.4E-3,1.453E3
46.12E-3,-998.0E-3,1.453E3
46.15E-3,-950.9E-3,1.453E3
46.18E-3,-844.0E-3,1.453E3
46.21E-3,-684.1E-3,1.453E3
46.23E-3,-481.2E-3,1.453E3
46.26E-3,-248.1E-3,1.453E3
46.29E-3,43.79E-6,1.459E3
46.31E-3,248.8E-3,1.459E3
46.34E-3,481.8E-3,1.459E3
46.37E-3,684.6E-3,1.459E3
46.40E-3,844.4E-3,1.459E3
46.42E-3,951.1E-3,1.459E3
46.45E-3,998.0E-3,1.459E3
46.48E-3,982.2E-3,1.459E3
46.51E-3,904.7E-3,1.459E3
46.53E-3,770.4E-3,1.459E3
46.56E-3,587.6E-3,1.459E3
46.59E-3,367.8E-3,1.459E3
46.62E-3,125.0E-3,1.459E3
46.64E-3,-125.7E-3,1.459E3
46.67E-3,-368.5E-3,1.459E3
46.70E-3,-588.1E-3,1.459E3
46.72E-3,-770.8E-3,1.459E3
46.75E-3,-905.0E-3,1.459E3
46.78E-3,-982.4E-3,1.459E3
46.81E-3,-998.0E-3,1.459E3
46.83E-3,-950.9E-3,1.459E3
46.86E-3,-844.0E-3,1.459E3
46.89E-3,-684.1E-3,1.459E3
46.92E-3,-481.2E-3,1.459E3
46.94E-3,-248.1E-3,1.459E3
46.97E-3,43.85E-6,1.466E3
47.00E-3,248.8E-3,1.466E3
47.02E-3,481.8E-3,1.466E3
47.05E-3,684.6E-3,1.466E3
47.08E-3,844.4E-3,1.466E3
47.11E-3,951.1E-3,1.466E3
47.13E-3,998.0E-3,1.466E3
47.16E-3,982.2E-3,1.466E3
47.19E-3,904.7E-3,1.466E3
47.21E-3,770.4E-3,1.466E3
47.24E-3,587.6E-3,1.466E3
47.27E-3,367.8E-3,1.466E3
47.30E-3,125.0E-3,1.466E3
47.32E-3,-125.7E-3,1.466E3
47.35E-3,-368.5E-3,1.466E3
47.38E-3,-588.1E-3,1.466E3
47.40E-3,-770.8E-3,1.466E3
47.43E-3,-905.0E-3,1.466E3
47.46E-3,-982.4E-3,1.466E3
47.49E-3,-998.0E-3,1.466E3
47.51E-3,-950.9E-3,1.466E3
47.54E-3,-844.0E-3,1.466E3
47.57E-3,-684.1E-3,1.466E3
47.59E-3,-481.2E-3,1.466E3
47.62E-3,-248.1E-3,1.466E3
47.65E-3,43.91E-6,1.473E3
47.68E-3,248.8E-3,1.473E3
47.70E-3,481.8E-3,1.473E3
47.73E-3,684.6E-3,1.473E3
47.76E-3,844.4E-3,1.473E3
47.78E-3,951.1E-3,1.473E3
47.81E-3,998.0E-3,1.473E3
47.84E-3,982.2E-3,1.473E3
47.86E-3,904.7E-3,1.473E3
47.89E-3,770.4E-3,1.473E3
47.92E-3,587.6E-3,1.473E3
47.95E-3,367.8E-3,1.473E3
47.97E-3,125.0E-3,1.473E3
48.00E-3,-125.7E-3,1.473E3
48.03E-3,-368.5E-3,1.473E3
48.05E-3,-588.1E-3,1.473E3
48.08E-3,-770.8E-3,1.473E3
48.11E-3,-905.0E-3,1.473E3
48.14E-3,-982.4E-3,1.473E3
48.16E-3,-998.0E-3,1.473E3
48.19E-3,-950.9E-3,1.473E3
48.22E-3,-844.0E-3,1.473E3
48.24E-3,-684.1E-3,1.473E3
48.27E-3,-481.3E-3,1.473E3
48.30E-3,-248.1E-3,1.473E3
48.32E-3,43.96E-6,1.480E3
48.35E-3,248.8E-3,1.480E3
48.38E-3,481.8E-3,1.480E3
48.40E-3,684.6E-3,1.480E3
48.43E-3,844.4E-3,1.480E3
48.46E-3,951.1E-3,1.480E3
48.49E-3,998.0E-3,1.480E3
48.51E-3,982.2E-3,1.480E3
48.54E-3,904.7E-3,1.480E3
48.57E-3,770.4E-3,1.480E3
48.59E-3,587.6E-3,1.480E3
48.62E-3,367.9E-3,1.480E3
48.65E-3,125.0E-3,1.480E3
48.67E-3,-125.7E-3,1.480E3
48.70E-3,-368.5E-3,1.480E3
48.73E-3,-588.1E-3,1.480E3
48.75E-3,-770.8E-3,1.480E3
48.78E-3,-905.0E-3,1.480E3
48.81E-3,-982.4E-3,1.480E3
48.84E-3,-998.0E-3,1.480E3
48.86E-3,-950.9E-3,1.480E3
48.89E-3,-844.0E-3,1.480E3
48.92E-3,-684.1E-3,1.480E3
48.94E-3,-481.3E-3,1.480E3
48.97E-3,-248.1E-3,1.480E3
49.00E-3,44.02E-6,1.487E3
49.02E-3,248.8E-3,1.487E3
49.05E-3,481.8E-3,1.487E3
49.08E-3,684.6E-3,1.487E3
49.10E-3,844.4E-3,1.487E3
49.13E-3,951.1E-3,1.487E3
49.16E-3,998.0E-3,1.487E3
49.18E-3,982.2E-3,1.487E3
49.21E-3,904.7E-3,1.487E3
49.24E-3,770.4E-3,1.487E3
49.26E-3,587.6E-3,1.487E3
49.29E-3,367.9E-3,1.487E3
49.32E-3,125.0E-3,1.487E3
49.35E-3,-125.7E-3,1.487E3
49.37E-3,-368.5E-3,1.487E3
49.40E-3,-588.1E-3,1.487E3
49.43E-3,-770.8E-3,1.487E3
49.45E-3,-905.0E-3,1.487E3
49.48E-3,-982.4E-3,1.487E3
49.51E-3,-998.0E-3,1.487E3
49.53E-3,-950.9E-3,1.487E3
49.56E-3,-844.1E-3,1.487E3
49.59E-3,-684.2E-3,1.487E3
49.61E-3,-481.3E-3,1.487E3
49.64E-3,-248.1E-3,1.487E3
49.67E-3,44.07E-6,1.493E3
49.69E-3,248.8E-3,1.493E3
49.72E-3,481.8E-3,1.493E3
49.75E-3,684.6E-3,1.493E3
49.77E-3,844.4E-3,1.493E3
49.80E-3,951.1E-3,1.493E3
49.83E-3,998.0E-3,1.493E3
49.85E-3,982.2E-3,1.493E3
49.88E-3,904.7E-3,1.493E3
49.91E-3,770.4E-3,1.493E3
49.93E-3,587.6E-3,1.493E3
49.96E-3,367.9E-3,1.493E3
49.99E-3,125.0E-3,1.493E3
50.01E-3,-125.7E-3,1.493E3
50.04E-3,-368.5E-3,1.493E3
50.07E-3,-588.1E-3,1.493E3
50.09E-3,-770.8E-3,1.493E3
50.12E-3,-905.0E-3,1.493E3
50.15E-3,-982.4E-3,1.493E3
50.17E-3,-998.0E-3,1.493E3
50.20E-3,-950.9E-3,1.493E3
50.23E-3,-844.1E-3,1.493E3
50.25E-3,-684.2E-3,1.493E3
50.28E-3,-481.3E-3,1.493E3
50.31E-3,-248.1E-3,1.493E3
50.33E-3,44.13E-6,1.500E3
50.36E-3,248.8E-3,1.500E3
50.39E-3,481.8E-3,1.500E3
50.41E-3,684.6E-3,1.500E3
50.44E-3,844.4E-3,1.500E3
50.47E-3,951.1E-3,1.500E3
50.49E-3,998.0E-3,1.500E3
50.52E-3,982.2E-3,1.500E3
50.55E-3,904.7E-3,1.500E3
50.57E-3,770.4E-3,1.500E3
50.60E-3,587.6E-3,1.500E3
50.63E-3,367.9E-3,1.500E3
50.65E-3,125.0E-3,1.500E3
50.68E-3,-125.7E-3,1.500E3
50.71E-3,-368.5E-3,1.500E3
50.73E-3,-588.1E-3,1.500E3
50.76E-3,-770.8E-3,1.500E3
50.78E-3,-905.0E-3,1.500E3
50.81E-3,-982.4E-3,1.500E3
50.84E-3,-998.0E-3,1.500E3
50.86E-3,-950.9E-3,1.500E3
50.89E-3,-844.1E-3,1.500E3
50.92E-3,-684.2E-3,1.500E3
50.94E-3,-481.3E-3,1.500E3
50.97E-3,-248.1E-3,1.500E3
51.00E-3,44.18E-6,1.507E3
51.02E-3,248.8E-3,1.507E3
51.05E-3,481.8E-3,1.507E3
51.08E-3,684.6E-3,1.507E3
51.10E-3,844.4E-3,1.507E3
51.13E-3,951.1E-3,1.507E3
51.16E-3,998.0E-3,1.507E3
51.18E-3,982.3E-3,1.507E3
51.21E-3,904.7E-3,1.507E3
51.23E-3,770.4E-3,1.507E3
51.26E-3,587.6E-3,1.507E3
51.29E-3,367.9E-3,1.507E3
51.31E-3,125.0E-3,1.507E3
51.34E-3,-125.7E-3,1.507E3
51.37E-3,-368.5E-3,1.507E3
51.39E-3,-588.1E-3,1.507E3
51.42E-3,-770.8E-3,1.507E3
51.45E-3,-905.0E-3,1.507E3
51.47E-3,-982.4E-3,1.507E3
51.50E-3,-998.0E-3,1.507E3
51.53E-3,-950.9E-3,1.507E3
51.55E-3,-844.1E-3,1.507E3
51.58E-3,-684.2E-3,1.507E3
51.60E-3,-481.3E-3,1.507E3
51.63E-3,-248.1E-3,1.507E3
51.66E-3,44.23E-6,1.513E3
51.68E-3,248.8E-3,1.513E3
51.71E-3,481.8E-3,1.513E3
51.74E-3,684.6E-3,1.513E3
51.76E-3,844.4E-3,1.513E3
51.79E-3,951.1E-3,1.513E3
51.82E-3,998.0E-3,1.513E3
51.84E-3,982.3E-3,1.513E3
51.87E-3,904.7E-3,1.513E3
51.89E-3,770.4E-3,1.513E3
51.92E-3,587.6E-3,1.513E3
51.95E-3,367.9E-3,1.513E3
51.97E-3,125.0E-3,1.513E3
52.00E-3,-125.7E-3,1.513E3
52.03E-3,-368.4E-3,1.513E3
52.05E-3,-588.1E-3,1.513E3
52.08E-3,-770.8E-3,1.513E3
52.11E-3,-905.0E-3,1.513E3
52.13E-3,-982.4E-3,1.513E3
52.16E-3,-998.0E-3,1.513E3
52.18E-3,-950.9E-3,1.513E3
52.21E-3,-844.1E-3,1.513E3
52.24E-3,-684.2E-3,1.513E3
52.26E-3,-481.3E-3,1.513E3
52.29E-3,-248.1E-3,1.513E3
52.32E-3,44.28E-6,1.520E3
52.34E-3,248.8E-3,1.520E3
52.37E-3,481.8E-3,1.520E3
52.39E-3,684.6E-3,1.520E3
52.42E-3,844.4E-3,1.520E3
52.45E-3,951.1E-3,1.520E3
52.47E-3,998.0E-3,1.520E3
52.50E-3,982.3E-3,1.520E3
52.53E-3,904.7E-3,1.520E3
52.55E-3,770.4E-3,1.520E3
52.58E-3,587.6E-3,1.520E3
52.60E-3,367.9E-3,1.520E3
52.63E-3,125.0E-3,1.520E3
52.66E-3,-125.7E-3,1.520E3
52.68E-3,-368.4E-3,1.520E3
52.71E-3,-588.1E-3,1.520E3
52.74E-3,-770.8E-3,1.520E3
52.76E-3,-905.0E-3,1.520E3
52.79E-3,-982.4E-3,1.520E3
52.81E-3,-998.0E-3,1.520E3
52.84E-3,-950.9E-3,1.520E3
52.87E-3,-844.1E-3,1.520E3
52.89E-3,-684.2E-3,1.520E3
52.92E-3,-481.3E-3,1.520E3
52.94E-3,-248.1E-3,1.520E3
52.97E-3,44.33E-6,1.526E3
53.00E-3,248.8E-3,1.526E3
53.02E-3,481.8E-3,1.526E3
53.05E-3,684.6E-3,1.526E3
53.08E-3,844.4E-3,1.526E3
53.10E-3,951.1E-3,1.526E3
53.13E-3,998.0E-3,1.526E3
53.15E-3,982.3E-3,1.526E3
53.18E-3,904.7E-3,1.526E3
53.21E-3,770.4E-3,1.526E3
53.23E-3,587.6E-3,1.526E3
53.26E-3,367.9E-3,1.526E3
53.28E-3,125.0E-3,1.526E3
53.31E-3,-125.7E-3,1.526E3
53.34E-3,-368.4E-3,1.526E3
53.36E-3,-588.1E-3,1.526E3
53.39E-3,-770.8E-3,1.526E3
53.41E-3,-905.0E-3,1.526E3
53.44E-3,-982.4E-3,1.526E3
53.47E-3,-998.0E-3,1.526E3
53.49E-3,-950.9E-3,1.526E3
53.52E-3,-844.1E-3,1.526E3
53.54E-3,-684.2E-3,1.526E3
53.57E-3,-481.3E-3,1.526E3
53.60E-3,-248.1E-3,1.526E3
53.62E-3,44.38E-6,1.533E3
53.65E-3,248.8E-3,1.533E3
53.67E-3,481.8E-3,1.533E3
53.70E-3,684.6E-3,1.533E3
53.73E-3,844.4E-3,1.533E3
53.75E-3,951.1E-3,1.533E3
53.78E-3,998.0E-3,1.533E3
53.81E-3,982.3E-3,1.533E3
53.83E-3,904.7E-3,1.533E3
53.86E-3,770.4E-3,1.533E3
53.88E-3,587.6E-3,1.533E3
53.91E-3,367.9E-3,1.533E3
53.94E-3,125.0E-3,1.533E3
53.96E-3,-125.7E-3,1.533E3
53.99E-3,-368.4E-3,1.533E3
54.01E-3,-588.1E-3,1.533E3
54.04E-3,-770.8E-3,1.533E3
54.06E-3,-905.0E-3,1.533E3
54.09E-3,-982.4E-3,1.533E3
54.12E-3,-998.0E-3,1.533E3
54.14E-3,-950.9E-3,1.533E3
54.17E-3,-844.1E-3,1.533E3
54.19E-3,-684.2E-3,1.533E3
54.22E-3,-481.3E-3,1.533E3
54.25E-3,-248.2E-3,1.533E3
54.27E-3,44.42E-6,1.539E3
54.30E-3,248.8E-3,1.539E3
54.32E-3,481.8E-3,1.539E3
54.35E-3,684.6E-3,1.539E3
54.38E-3,844.4E-3,1.539E3
54.40E-3,951.1E-3,1.539E3
54.43E-3,998.0E-3,1.539E3
54.45E-3,982.3E-3,1.539E3
54.48E-3,904.7E-3,1.539E3
54.51E-3,770.4E-3,1.539E3
54.53E-3,587.6E-3,1.539E3
54.56E-3,367.9E-3,1.539E3
54.58E-3,125.0E-3,1.539E3
54.61E-3,-125.6E-3,1.539E3
54.64E-3,-368.4E-3,1.539E3
54.66E-3,-588.1E-3,1.539E3
54.69E-3,-770.8E-3,1.539E3
54.71E-3,-905.0E-3,1.539E3
54.74E-3,-982.4E-3,1.539E3
54.76E-3,-998.0E-3,1.539E3
54.79E-3,-950.9E-3,1.539E3
54.82E-3,-844.1E-3,1.539E3
54.84E-3,-684.2E-3,1.539E3
54.87E-3,-481.3E-3,1.539E3
54.89E-3,-248.2E-3,1.539E3
54.92E-3,44.47E-6,1.546E3
54.95E-3,248.8E-3,1.546E3
54.97E-3,481.8E-3,1.546E3
55.00E-3,684.6E-3,1.546E3
55.02E-3,844.4E-3,1.546E3
55.05E-3,951.1E-3,1.546E3
55.07E-3,998.0E-3,1.546E3
55.10E-3,982.3E-3,1.546E3
55.13E-3,904.7E-3,1.546E3
55.15E-3,770.4E-3,1.546E3
55.18E-3,587.6E-3,1.546E3
55.20E-3,367.9E-3,1.546E3
55.23E-3,125.0E-3,1.546E3
55.25E-3,-125.6E-3,1.546E3
55.28E-3,-368.4E-3,1.546E3
55.31E-3,-588.1E-3,1.546E3
55.33E-3,-770.8E-3,1.546E3
55.36E-3,-905.0E-3,1.546E3
55.38E-3,-982.4E-3,1.546E3
55.41E-3,-998.0E-3,1.546E3
55.43E-3,-950.9E-3,1.546E3
55.46E-3,-844.1E-3,1.546E3
55.49E-3,-684.2E-3,1.546E3
55.51E-3,-481.3E-3,1.546E3
55.54E-3,-248.2E-3,1.546E3
55.56E-3,44.52E-6,1.552E3
55.59E-3,248.8E-3,1.552E3
55.61E-3,481.8E-3,1.552E3
55.64E-3,684.6E-3,1.552E3
55.67E-3,844.4E-3,1.552E3
55.69E-3,951.1E-3,1.552E3
55.72E-3,998.0E-3,1.552E3
55.74E-3,982.3E-3,1.552E3
55.77E-3,904.7E-3,1.552E3
55.79E-3,770.4E-3,1.552E3
55.82E-3,587.6E-3,1.552E3
55.85E-3,367.9E-3,1.552E3
55.87E-3,125.0E-3,1.552E3
55.90E-3,-125.6E-3,1.552E3
55.92E-3,-368.4E-3,1.552E3
55.95E-3,-588.1E-3,1.552E3
55.97E-3,-770.8E-3,1.552E3
56.00E-3,-905.0E-3,1.552E3
56.03E-3,-982.4E-3,1.552E3
56.05E-3,-998.0E-3,1.552E3
56.08E-3,-950.9E-3,1.552E3
56.10E-3,-844.1E-3,1.552E3
56.13E-3,-684.2E-3,1.552E3
56.15E-3,-481.3E-3,1.552E3
56.18E-3,-248.2E-3,1.552E3
56.20E-3,44.56E-6,1.559E3
56.23E-3,248.8E-3,1.559E3
56.26E-3,481.8E-3,1.559E3
56.28E-3,684.6E-3,1.559E3
56.31E-3,844.4E-3,1.559E3
56.33E-3,951.1E-3,1.559E3
56.36E-3,998.0E-3,1.559E3
56.38E-3,982.3E-3,1.559E3
56.41E-3,904.7E-3,1.559E3
56.44E-3,770.4E-3,1.559E3
56.46E-3,587.6E-3,1.559E3
56.49E-3,367.9E-3,1.559E3
56.51E-3,125.0E-3,1.559E3
56.54E-3,-125.6E-3,1.559E3
56.56E-3,-368.4E-3,1.559E3
56.59E-3,-588.1E-3,1.559E3
56.61E-3,-770.8E-3,1.559E3
56.64E-3,-905.0E-3,1.559E3
56.67E-3,-982.4E-3,1.559E3
56.69E-3,-998.0E-3,1.559E3
56.72E-3,-950.9E-3,1.559E3
56.74E-3,-844.1E-3,1.559E3
56.77E-3,-684.2E-3,1.559E3
56.79E-3,-481.3E-3,1.559E3
56.82E-3,-248.2E-3,1.559E3
56.84E-3,44.61E-6,1.565E3
56.87E-3,248.8E-3,1.565E3
56.89E-3,481.8E-3,1.565E3
56.92E-3,684.6E-3,1.565E3
56.95E-3,844.4E-3,1.565E3
56.97E-3,951.1E-3,1.565E3
57.00E-3,998.0E-3,1.565E3
57.02E-3,982.3E-3,1.565E3
57.05E-3,904.7E-3,1.565E3
57.07E-3,770.4E-3,1.565E3
57.10E-3,587.6E-3,1.565E3
57.12E-3,367.9E-3,1.565E3
57.15E-3,125.0E-3,1.565E3
57.18E-3,-125.6E-3,1.565E3
57.20E-3,-368.4E-3,1.565E3
57.23E-3,-588.1E-3,1.565E3
57.25E-3,-770.7E-3,1.565E3
57.28E-3,-905.0E-3,1.565E3
57.30E-3,-982.4E-3,1.565E3
57.33E-3,-998.0E-3,1.565E3
57.35E-3,-950.9E-3,1.565E3
57.38E-3,-844.1E-3,1.565E3
57.40E-3,-684.2E-3,1.565E3
57.43E-3,-481.3E-3,1.565E3
57.45E-3,-248.2E-3,1.565E3
57.48E-3,44.65E-6,1.572E3
57.51E-3,248.8E-3,1.572E3
57.53E-3,481.8E-3,1.572E3
57.56E-3,684.6E-3,1.572E3
57.58E-3,844.4E-3,1.572E3
57.61E-3,951.1E-3,1.572E3
57.63E-3,998.0E-3,1.572E3
57.66E-3,982.3E-3,1.572E3
57.68E-3,904.7E-3,1.572E3
57.71E-3,770.4E-3,1.572E3
57.73E-3,587.6E-3,1.572E3
57.76E-3,367.9E-3,1.572E3
57.78E-3,125.0E-3,1.572E3
57.81E-3,-125.6E-3,1.572E3
57.84E-3,-368.4E-3,1.572E3
57.86E-3,-588.1E-3,1.572E3
57.89E-3,-770.7E-3,1.572E3
57.91E-3,-905.0E-3,1.572E3
57.94E-3,-982.4E-3,1.572E3
57.96E-3,-998.0E-3,1.572E3
57.99E-3,-950.9E-3,1.572E3
58.01E-3,-844.1E-3,1.572E3
58.04E-3,-684.2E-3,1.572E3
58.06E-3,-481.3E-3,1.572E3
58.09E-3,-248.2E-3,1.572E3
58.11E-3,44.69E-6,1.578E3
58.14E-3,248.8E-3,1.578E3
58.16E-3,481.8E-3,1.578E3
58.19E-3,684.6E-3,1.578E3
58.22E-3,844.4E-3,1.578E3
58.24E-3,951.1E-3,1.578E3
58.27E-3,998.0E-3,1.578E3
58.29E-3,982.3E-3,1.578E3
58.32E-3,904.7E-3,1.578E3
58.34E-3,770.4E-3,1.578E3
58.37E-3,587.6E-3,1.578E3
58.39E-3,367.9E-3,1.578E3
58.42E-3,125.0E-3,1.578E3
58.44E-3,-125.6E-3,1.578E3
58.47E-3,-368.4E-3,1.578E3
58.49E-3,-588.1E-3,1.578E3
58.52E-3,-770.7E-3,1.578E3
58.54E-3,-905.0E-3,1.578E3
58.57E-3,-982.4E-3,1.578E3
58.59E-3,-998.0E-3,1.578E3
58.62E-3,-950.9E-3,1.578E3
58.64E-3,-844.1E-3,1.578E3
58.67E-3,-684.2E-3,1.578E3
58.69E-3,-481.3E-3,1.578E3
58.72E-3,-248.2E-3,1.578E3
58.75E-3,44.74E-6,1.584E3
58.77E-3,248.8E-3,1.584E3
58.80E-3,481.8E-3,1.584E3
58.82E-3,684.6E-3,1.584E3
58.85E-3,844.4E-3,1.584E3
58.87E-3,951.1E-3,1.584E3
58.90E-3,998.0E-3,1.584E3
58.92E-3,982.3E-3,1.584E3
58.95E-3,904.7E-3,1.584E3
58.97E-3,770.4E-3,1.584E3
59.00E-3,587.6E-3,1.584E3
59.02E-3,367.9E-3,1.584E3
59.05E-3,125.1E-3,1.584E3
59.07E-3,-125.6E-3,1.584E3
59.10E-3,-368.4E-3,1.584E3
59.12E-3,-588.1E-3,1.584E3
59.15E-3,-770.7E-3,1.584E3
59.17E-3,-905.0E-3,1.584E3
59.20E-3,-982.4E-3,1.584E3
59.22E-3,-998.0E-3,1.584E3
59.25E-3,-950.9E-3,1.584E3
59.27E-3,-844.1E-3,1.584E3
59.30E-3,-684.2E-3,1.584E3
59.32E-3,-481.3E-3,1.584E3
59.35E-3,-248.2E-3,1.584E3
59.37E-3,44.78E-6,1.591E3
59.40E-3,248.8E-3,1.591E3
59.42E-3,481.8E-3,1.591E3
59.45E-3,684.6E-3,1.591E3
59.47E-3,844.4E-3,1.591E3
59.50E-3,951.1E-3,1.591E3
59.52E-3,998.0E-3,1.591E3
59.55E-3,982.3E-3,1.591E3
59.57E-3,904.7E-3,1.591E3
59.60E-3,770.4E-3,1.591E3
59.62E-3,587.6E-3,1.591E3
59.65E-3,367.9E-3,1.591E3
59.67E-3,125.1E-3,1.591E3
59.70E-3,-125.6E-3,1.591E3
59.72E-3,-368.4E-3,1.591E3
59.75E-3,-588.1E-3,1.591E3
59.77E-3,-770.7E-3,1.591E3
59.80E-3,-905.0E-3,1.591E3
59.82E-3,-982.4E-3,1.591E3
59.85E-3,-998.0E-3,1.591E3
59.87E-3,-950.9E-3,1.591E3
59.90E-3,-844.1E-3,1.591E3
59.93E-3,-684.2E-3,1.591E3
59.95E-3,-481.3E-3,1.591E3
59.98E-3,-248.2E-3,1.591E3
60.00E-3,44.82E-6,1.597E3
60.03E-3,248.8E-3,1.597E3
60.05E-3,481.8E-3,1.597E3
60.07E-3,684.6E-3,1.597E3
60.10E-3,844.4E-3,1.597E3
60.12E-3,951.1E-3,1.597E3
60.15E-3,998.0E-3,1.597E3
60.17E-3,982.3E-3,1.597E3
60.20E-3,904.7E-3,1.597E3
60.22E-3,770.4E-3,1.597E3
60.25E-3,587.6E-3,1.597E3
60.27E-3,367.9E-3,1.597E3
60.30E-3,125.1E-3,1.597E3
60.32E-3,-125.6E-3,1.597E3
60.35E-3,-368.4E-3,1.597E3
60.37E-3,-588.1E-3,1.597E3
60.40E-3,-770.7E-3,1.597E3
60.42E-3,-905.0E-3,1.597E3
60.45E-3,-982.4E-3,1.597E3
60.47E-3,-998.0E-3,1.597E3
60.50E-3,-950.9E-3,1.597E3
60.52E-3,-844.1E-3,1.597E3
60.55E-3,-684.2E-3,1.597E3
60.57E-3,-481.3E-3,1.597E3
60.60E-3,-248.2E-3,1.597E3
60.62E-3,44.86E-6,1.603E3
60.65E-3,248.8E-3,1.603E3
60.67E-3,481.8E-3,1.603E3
60.70E-3,684.6E-3,1.603E3
60.72E-3,844.4E-3,1.603E3
60.75E-3,951.1E-3,1.603E3
60.77E-3,998.0E-3,1.603E3
60.80E-3,982.3E-3,1.603E3
60.82E-3,904.7E-3,1.603E3
60.85E-3,770.4E-3,1.603E3
60.87E-3,587.6E-3,1.603E3
60.90E-3,367.9E-3,1.603E3
60.92E-3,125.1E-3,1.603E3
60.95E-3,-125.6E-3,1.603E3
60.97E-3,-368.4E-3,1.603E3
61.00E-3,-588.1E-3,1.603E3
61.02E-3,-770.7E-3,1.603E3
61.05E-3,-905.0E-3,1.603E3
61.07E-3,-982.4E-3,1.603E3
61.10E-3,-998.0E-3,1.603E3
61.12E-3,-950.9E-3,1.603E3
61.15E-3,-844.1E-3,1.603E3
61.17E-3,-684.2E-3,1.603E3
61.20E-3,-481.3E-3,1.603E3
61.22E-3,-248.2E-3,1.603E3
61.25E-3,44.90E-6,1.609E3
61.27E-3,248.8E-3,1.609E3
61.29E-3,481.8E-3,1.609E3
61.32E-3,684.6E-3,1.609E3
61.34E-3,844.4E-3,1.609E3
61.37E-3,951.1E-3,1.609E3
61.39E-3,998.0E-3,1.609E3
61.42E-3,982.3E-3,1.609E3
61.44E-3,904.7E-3,1.609E3
61.47E-3,770.4E-3,1.609E3
61.49E-3,587.6E-3,1.609E3
61.52E-3,367.9E-3,1.609E3
61.54E-3,125.1E-3,1.609E3
61.57E-3,-125.6E-3,1.609E3
61.59E-3,-368.4E-3,1.609E3
61.62E-3,-588.1E-3,1.609E3
61.64E-3,-770.7E-3,1.609E3
61.67E-3,-905.0E-3,1.609E3
61.69E-3,-982.4E-3,1.609E3
61.72E-3,-998.0E-3,1.609E3
61.74E-3,-950.9E-3,1.609E3
61.77E-3,-844.1E-3,1.609E3
61.79E-3,-684.2E-3,1.609E3
61.81E-3,-481.3E-3,1.609E3
61.84E-3,-248.2E-3,1.609E3
61.86E-3,44.94E-6,1.616E3
61.89E-3,248.8E-3,1.616E3
61.91E-3,481.8E-3,1.616E3
61.94E-3,684.6E-3,1.616E3
61.96E-3,844.4E-3,1.616E3
61.99E-3,951.1E-3,1.616E3
62.01E-3,998.0E-3,1.616E3
62.04E-3,982.3E-3,1.616E3
62.06E-3,904.7E-3,1.616E3
62.09E-3,770.4E-3,1.616E3
62.11E-3,587.6E-3,1.616E3
62.14E-3,367.9E-3,1.616E3
62.16E-3,125.1E-3,1.616E3
62.19E-3,-125.6E-3,1.616E3
62.21E-3,-368.4E-3,1.616E3
62.23E-3,-588.1E-3,1.616E3
62.26E-3,-770.7E-3,1.616E3
62.28E-3,-905.0E-3,1.616E3
62.31E-3,-982.4E-3,1.616E3
62.33E-3,-998.0E-3,1.616E3
62.36E-3,-950.9E-3,1.616E3
62.38E-3,-844.1E-3,1.616E3
62.41E-3,-684.2E-3,1.616E3
62.43E-3,-481.3E-3,1.616E3
62.46E-3,-248.2E-3,1.616E3
62.48E-3,44.98E-6,1.622E3
62.51E-3,248.8E-3,1.622E3
62.53E-3,481.8E-3,1.622E3
62.55E-3,684.6E-3,1.622E3
62.58E-3,844.4E-3,1.622E3
62.60E-3,951.1E-3,1.622E3
62.63E-3,998.0E-3,1.622E3
62.65E-3,982.3E-3,1.622E3
62.68E-3,904.7E-3,1.622E3
62.70E-3,770.4E-3,1.622E3
62.73E-3,587.6E-3,1.622E3
62.75E-3,367.9E-3,1.622E3
62.78E-3,125.1E-3,1.622E3
62.80E-3,-125.6E-3,1.622E3
62.83E-3,-368.4E-3,1.622E3
62.85E-3,-588.1E-3,1.622E3
62.87E-3,-770.7E-3,1.622E3
62.90E-3,-905.0E-3,1.622E3
62.92E-3,-982.4E-3,1.622E3
62.95E-3,-998.0E-3,1.622E3
62.97E-3,-950.9E-3,1.622E3
63.00E-3,-844.1E-3,1.622E3
63.02E-3,-684.2E-3,1.622E3
63.05E-3,-481.3E-3,1.622E3
63.07E-3,-248.2E-3,1.622E3
63.10E-3,45.01E-6,1.628E3
63.12E-3,248.8E-3,1.628E3
63.14E-3,481.8E-3,1.628E3
63.17E-3,684.6E-3,1.628E3
63.19E-3,844.4E-3,1.628E3
63.22E-3,951.1E-3,1.628E3
63.24E-3,998.0E-3,1.628E3
63.27E-3,982.3E-3,1.628E3
63.29E-3,904.7E-3,1.628E3
63.32E-3,770.4E-3,1.628E3
63.34E-3,587.6E-3,1.628E3
63.36E-3,367.9E-3,1.628E3
63.39E-3,125.1E-3,1.628E3
63.41E-3,-125.6E-3,1.628E3
63.44E-3,-368.4E-3,1.628E3
63.46E-3,-588.1E-3,1.628E3
63.49E-3,-770.7E-3,1.628E3
63.51E-3,-905.0E-3,1.628E3
63.54E-3,-982.4E-3,1.628E3
63.56E-3,-998.0E-3,1.628E3
63.58E-3,-950.9E-3,1.628E3
63.61E-3,-844.1E-3,1.628E3
63.63E-3,-684.2E-3,1.628E3
63.66E-3,-481.3E-3,1.628E3
63.68E-3,-248.2E-3,1.628E3
63.71E-3,45.05E-6,1.634E3
63.73E-3,248.8E-3,1.634E3
63.76E-3,481.8E-3,1.634E3
63.78E-3,684.6E-3,1.634E3
63.80E-3,844.4E-3,1.634E3
63.83E-3,951.1E-3,1.634E3
63.85E-3,998.0E-3,1.634E3
63.88E-3,982.3E-3,1.634E3
63.90E-3,904.7E-3,1.634E3
63.93E-3,770.4E-3,1.634E3
63.95E-3,587.6E-3,1.634E3
63.98E-3,367.9E-3,1.634E3
64.00E-3,125.1E-3,1.634E3
64.02E-3,-125.6E-3,1.634E3
64.05E-3,-368.4E-3,1.634E3
64.07E-3,-588.0E-3,1.634E3
64.10E-3,-770.7E-3,1.634E3
64.12E-3,-905.0E-3,1.634E3
64.15E-3,-982.4E-3,1.634E3
64.17E-3,-998.0E-3,1.634E3
64.20E-3,-950.9E-3,1.634E3
64.22E-3,-844.1E-3,1.634E3
64.24E-3,-684.2E-3,1.634E3
64.27E-3,-481.3E-3,1.634E3
64.29E-3,-248.2E-3,1.634E3
64.32E-3,45.09E-6,1.640E3
64.34E-3,248.8E-3,1.640E3
64.37E-3,481.8E-3,1.640E3
64.39E-3,684.6E-3,1.640E3
64.41E-3,844.4E-3,1.640E3
64.44E-3,951.1E-3,1.640E3
64.46E-3,998.0E-3,1.640E3
64.49E-3,982.3E-3,1.640E3
64.51E-3,904.7E-3,1.640E3
64.54E-3,770.4E-3,1.640E3
64.56E-3,587.6E-3,1.640E3
64.58E-3,367.9E-3,1.640E3
64.61E-3,125.1E-3,1.640E3
64.63E-3,-125.6E-3,1.640E3
64.66E-3,-368.4E-3,1.640E3
64.68E-3,-588.0E-3,1.640E3
64.71E-3,-770.7E-3,1.640E3
64.73E-3,-905.0E-3,1.640E3
64.75E-3,-982.4E-3,1.640E3
64.78E-3,-998.0E-3,1.640E3
64.80E-3,-950.9E-3,1.640E3
64.83E-3,-844.1E-3,1.640E3
64.85E-3,-684.2E-3,1.640E3
64.88E-3,-481.3E-3,1.640E3
64.90E-3,-248.2E-3,1.640E3
64.92E-3,45.12E-6,1.646E3
64.95E-3,248.8E-3,1.646E3
64.97E-3,481.8E-3,1.646E3
65.00E-3,684.6E-3,1.646E3
65.02E-3,844.4E-3,1.646E3
65.05E-3,951.1E-3,1.646E3
65.07E-3,998.0E-3,1.646E3
65.09E-3,982.3E-3,1.646E3
65.12E-3,904.7E-3,1.646E3
65.14E-3,770.4E-3,1.646E3
65.17E-3,587.6E-3,1.646E3
65.19E-3,367.9E-3,1.646E3
65.22E-3,125.1E-3,1.646E3
65.24E-3,-125.6E-3,1.646E3
65.26E-3,-368.4E-3,1.646E3
65.29E-3,-588.0E-3,1.646E3
65.31E-3,-770.7E-3,1.646E3
65.34E-3,-905.0E-3,1.646E3
65.36E-3,-982.4E-3,1.646E3
65.38E-3,-998.0E-3,1.646E3
65.41E-3,-950.9E-3,1.646E3
65.43E-3,-844.1E-3,1.646E3
65.46E-3,-684.2E-3,1.646E3
65.48E-3,-481.3E-3,1.646E3
65.51E-3,-248.2E-3,1.646E3
65.53E-3,45.16E-6,1.652E3
65.55E-3,248.8E-3,1.652E3
65.58E-3,481.8E-3,1.652E3
65.60E-3,684.6E-3,1.652E3
65.63E-3,844.4E-3,1.652E3
65.65E-3,951.1E-3,1.652E3
65.67E-3,998.0E-3,1.652E3
65.70E-3,982.3E-3,1.652E3
65.72E-3,904.7E-3,1.652E3
65.75E-3,770.4E-3,1.652E3
65.77E-3,587.6E-3,1.652E3
65.80E-3,367.9E-3,1.652E3
65.82E-3,125.1E-3,1.652E3
65.84E-3,-125.6E-3,1.652E3
65.87E-3,-368.4E-3,1.652E3
65.89E-3,-588.0E-3,1.652E3
65.92E-3,-770.7E-3,1.652E3
65.94E-3,-905.0E-3,1.652E3
65.96E-3,-982.4E-3,1.652E3
65.99E-3,-998.0E-3,1.652E3
66.01E-3,-950.9E-3,1.652E3
66.04E-3,-844.1E-3,1.652E3
66.06E-3,-684.2E-3,1.652E3
66.08E-3,-481.3E-3,1.652E3
66.11E-3,-248.2E-3,1.652E3
66.13E-3,45.19E-6,1.658E3
66.16E-3,248.8E-3,1.658E3
66.18E-3,481.8E-3,1.658E3
66.20E-3,684.6E-3,1.658E3
66.23E-3,844.4E-3,1.658E3
66.25E-3,951.1E-3,1.658E3
66.28E-3,998.0E-3,1.658E3
66.30E-3,982.3E-3,1.658E3
66.33E-3,904.7E-3,1.658E3
66.35E-3,770.4E-3,1.658E3
66.37E-3,587.6E-3,1.658E3
66.40E-3,367.9E-3,1.658E3
66.42E-3,125.1E-3,1.658E3
66.45E-3,-125.6E-3,1.658E3
66.47E-3,-368.4E-3,1.658E3
66.49E-3,-588.0E-3,1.658E3
66.52E-3,-770.7E-3,1.658E3
66.54E-3,-905.0E-3,1.658E3
66.57E-3,-982.4E-3,1.658E3
66.59E-3,-998.0E-3,1.658E3
66.61E-3,-950.9E-3,1.658E3
66.64E-3,-844.1E-3,1.658E3
66.66E-3,-684.2E-3,1.658E3
66.69E-3,-481.3E-3,1.658E3
66.71E-3,-248.2E-3,1.658E3
66.73E-3,45.23E-6,1.664E3
66.76E-3,248.8E-3,1.664E3
66.78E-3,481.8E-3,1.664E3
66.81E-3,684.6E-3,1.664E3
66.83E-3,844.4E-3,1.664E3
66.85E-3,951.1E-3,1.664E3
66.88E-3,998.0E-3,1.664E3
66.90E-3,982.3E-3,1.664E3
66.93E-3,904.7E-3,1.664E3
66.95E-3,770.4E-3,1.664E3
66.97E-3,587.6E-3,1.664E3
67.00E-3,367.9E-3,1.664E3
67.02E-3,125.1E-3,1.664E3
67.04E-3,-125.6E-3,1.664E3
67.07E-3,-368.4E-3,1.664E3
67.09E-3,-588.0E-3,1.664E3
67.12E-3,-770.7E-3,1.664E3
67.14E-3,-905.0E-3,1.664E3
67.16E-3,-982.4E-3,1.664E3
67.19E-3,-998.0E-3,1.664E3
67.21E-3,-950.9E-3,1.664E3
67.24E-3,-844.1E-3,1.664E3
67.26E-3,-684.2E-3,1.664E3
67.28E-3,-481.4E-3,1.664E3
67.31E-3,-248.2E-3,1.664E3
67.33E-3,45.26E-6,1.670E3
67.36E-3,248.8E-3,1.670E3
67.38E-3,481.8E-3,1.670E3
67.40E-3,684.6E-3,1.670E3
67.43E-3,844.4E-3,1.670E3
67.45E-3,951.1E-3,1.670E3
67.48E-3,998.0E-3,1.670E3
67.50E-3,982.3E-3,1.670E3
67.52E-3,904.7E-3,1.670E3
67.55E-3,770.4E-3,1.670E3
67.57E-3,587.6E-3,1.670E3
67.59E-3,367.9E-3,1.670E3
67.62E-3,125.1E-3,1.670E3
67.64E-3,-125.6E-3,1.670E3
67.67E-3,-368.4E-3,1.670E3
67.69E-3,-588.0E-3,1.670E3
67.71E-3,-770.7E-3,1.670E3
67.74E-3,-905.0E-3,1.670E3
67.76E-3,-982.4E-3,1.670E3
67.79E-3,-998.0E-3,1.670E3
67.81E-3,-950.9E-3,1.670E3
67.83E-3,-844.1E-3,1.670E3
67.86E-3,-684.2E-3,1.670E3
67.88E-3,-481.4E-3,1.670E3
67.90E-3,-248.2E-3,1.670E3
67.93E-3,45.30E-6,1.676E3
67.95E-3,248.8E-3,1.676E3
67.98E-3,481.8E-3,1.676E3
68.00E-3,684.6E-3,1.676E3
68.02E-3,844.4E-3,1.676E3
68.05E-3,951.1E-3,1.676E3
68.07E-3,998.0E-3,1.676E3
68.10E-3,982.3E-3,1.676E3
68.12E-3,904.7E-3,1.676E3
68.14E-3,770.4E-3,1.676E3
68.17E-3,587.6E-3,1.676E3
68.19E-3,367.9E-3,1.676E3
68.21E-3,125.1E-3,1.676E3
68.24E-3,-125.6E-3,1.676E3
68.26E-3,-368.4E-3,1.676E3
68.29E-3,-588.0E-3,1.676E3
68.31E-3,-770.7E-3,1.676E3
68.33E-3,-905.0E-3,1.676E3
68.36E-3,-982.4E-3,1.676E3
68.38E-3,-998.0E-3,1.676E3
68.40E-3,-950.9E-3,1.676E3
68.43E-3,-844.1E-3,1.676E3
68.45E-3,-684.2E-3,1.676E3
68.48E-3,-481.4E-3,1.676E3
68.50E-3,-248.2E-3,1.676E3
68.52E-3,45.33E-6,1.682E3
68.55E-3,248.8E-3,1.682E3
68.57E-3,481.8E-3,1.682E3
68.59E-3,684.6E-3,1.682E3
68.62E-3,844.4E-3,1.682E3
68.64E-3,951.1E-3,1.682E3
68.67E-3,998.0E-3,1.682E3
68.69E-3,982.3E-3,1.682E3
68.71E-3,904.7E-3,1.682E3
68.74E-3,770.4E-3,1.682E3
68.76E-3,587.6E-3,1.682E3
68.78E-3,367.9E-3,1.682E3
68.81E-3,125.1E-3,1.682E3
68.83E-3,-125.6E-3,1.682E3
68.85E-3,-368.4E-3,1.682E3
68.88E-3,-588.0E-3,1.682E3
68.90E-3,-770.7E-3,1.682E3
68.93E-3,-905.0E-3,1.682E3
68.95E-3,-982.4E-3,1.682E3
68.97E-3,-998.0E-3,1.682E3
69.00E-3,-950.9E-3,1.682E3
69.02E-3,-844.1E-3,1.682E3
69.04E-3,-684.2E-3,1.682E3
69.07E-3,-481.4E-3,1.682E3
69.09E-3,-248.2E-3,1.682E3
69.12E-3,45.36E-6,1.688E3
69.14E-3,248.8E-3,1.688E3
69.16E-3,481.8E-3,1.688E3
69.19E-3,684.6E-3,1.688E3
69.21E-3,844.4E-3,1.688E3
69.23E-3,951.1E-3,1.688E3
69.26E-3,998.0E-3,1.688E3
69.28E-3,982.3E-3,1.688E3
69.30E-3,904.7E-3,1.688E3
69.33E-3,770.4E-3,1.688E3
69.35E-3,587.6E-3,1.688E3
69.38E-3,367.9E-3,1.688E3
69.40E-3,125.1E-3,1.688E3
69.42E-3,-125.6E-3,1.688E3
69.45E-3,-368.4E-3,1.688E3
69.47E-3,-588.0E-3,1.688E3
69.49E-3,-770.7E-3,1.688E3
69.52E-3,-905.0E-3,1.688E3
69.54E-3,-982.4E-3,1.688E3
69.56E-3,-998.0E-3,1.688E3
69.59E-3,-950.9E-3,1.688E3
69.61E-3,-844.1E-3,1.688E3
69.63E-3,-684.2E-3,1.688E3
69.66E-3,-481.4E-3,1.688E3
69.68E-3,-248.2E-3,1.688E3
69.71E-3,45.40E-6,1.694E3
69.73E-3,248.8E-3,1.694E3
69.75E-3,481.8E-3,1.694E3
69.78E-3,684.6E-3,1.694E3
69.80E-3,844.4E-3,1.694E3
69.82E-3,951.1E-3,1.694E3
69.85E-3,998.0E-3,1.694E3
69.87E-3,982.3E-3,1.694E3
69.89E-3,904.7E-3,1.694E3
69.92E-3,770.4E-3,1.694E3
69.94E-3,587.6E-3,1.694E3
69.96E-3,367.9E-3,1.694E3
69.99E-3,125.1E-3,1.694E3
70.01E-3,-125.6E-3,1.694E3
70.04E-3,-368.4E-3,1.694E3
70.06E-3,-588.0E-3,1.694E3
70.08E-3,-770.7E-3,1.694E3
70.11E-3,-905.0E-3,1.694E3
70.13E-3,-982.4E-3,1.694E3
70.15E-3,-998.0E-3,1.694E3
70.18E-3,-950.9E-3,1.694E3
70.20E-3,-844.1E-3,1.694E3
70.22E-3,-684.2E-3,1.694E3
70.25E-3,-481.4E-3,1.694E3
70.27E-3,-248.2E-3,1.694E3
70.29E-3,45.43E-6,1.700E3
70.32E-3,248.8E-3,1.700E3
70.34E-3,481.8E-3,1.700E3
70.36E-3,684.6E-3,1.700E3
70.39E-3,844.4E-3,1.700E3
70.41E-3,951.1E-3,1.700E3
70.43E-3,998.0E-3,1.700E3
70.46E-3,982.3E-3,1.700E3
70.48E-3,904.7E-3,1.700E3
70.51E-3,770.4E-3,1.700E3
70.53E-3,587.6E-3,1.700E3
70.55E-3,367.9E-3,1.700E3
70.58E-3,125.1E-3,1.700E3
70.60E-3,-125.6E-3,1.700E3
70.62E-3,-368.4E-3,1.700E3
70.65E-3,-588.0E-3,1.700E3
70.67E-3,-770.7E-3,1.700E3
70.69E-3,-905.0E-3,1.700E3
70.72E-3,-982.4E-3,1.700E3
70.74E-3,-998.0E-3,1.700E3
70.76E-3,-950.9E-3,1.700E3
70.79E-3,-844.1E-3,1.700E3
70.81E-3,-684.2E-3,1.700E3
70.83E-3,-481.4E-3,1.700E3
70.86E-3,-248.2E-3,1.700E3
70.88E-3,45.46E-6,1.706E3
70.90E-3,248.8E-3,1.706E3
70.93E-3,481.8E-3,1.706E3
70.95E-3,684.6E-3,1.706E3
70.97E-3,844.4E-3,1.706E3
71.00E-3,951.1E-3,1.706E3
71.02E-3,998.0E-3,1.706E3
71.04E-3,982.3E-3,1.706E3
71.07E-3,904.7E-3,1.706E3
71.09E-3,770.4E-3,1.706E3
71.11E-3,587.6E-3,1.706E3
71.14E-3,367.9E-3,1.706E3
71.16E-3,125.1E-3,1.706E3
71.18E-3,-125.6E-3,1.706E3
71.21E-3,-368.4E-3,1.706E3
71.23E-3,-588.0E-3,1.706E3
71.25E-3,-770.7E-3,1.706E3
71.28E-3,-905.0E-3,1.706E3
71.30E-3,-982.4E-3,1.706E3
71.32E-3,-998.0E-3,1.706E3
71.35E-3,-950.9E-3,1.706E3
71.37E-3,-844.1E-3,1.706E3
71.39E-3,-684.2E-3,1.706E3
71.42E-3,-481.4E-3,1.706E3
71.44E-3,-248.2E-3,1.706E3
71.46E-3,45.49E-6,1.712E3
71.49E-3,248.8E-3,1.712E3
71.51E-3,481.8E-3,1.712E3
71.53E-3,684.6E-3,1.712E3
71.56E-3,844.4E-3,1.712E3
71.58E-3,951.1E-3,1.712E3
71.60E-3,998.0E-3,1.712E3
71.63E-3,982.3E-3,1.712E3
71.65E-3,904.7E-3,1.712E3
71.67E-3,770.4E-3,1.712E3
71.70E-3,587.6E-3,1.712E3
71.72E-3,367.9E-3,1.712E3
71.74E-3,125.1E-3,1.712E3
71.77E-3,-125.6E-3,1.712E3
71.79E-3,-368.4E-3,1.712E3
71.81E-3,-588.0E-3,1.712E3
71.84E-3,-770.7E-3,1.712E3
71.86E-3,-905.0E-3,1.712E3
71.88E-3,-982.4E-3,1.712E3
71.91E-3,-998.0E-3,1.712E3
71.93E-3,-950.9E-3,1.712E3
71.95E-3,-844.1E-3,1.712E3
71.98E-3,-684.2E-3,1.712E3
72.00E-3,-481.4E-3,1.712E3
72.02E-3,-248.2E-3,1.712E3
72.05E-3,45.52E-6,1.718E3
72.07E-3,248.8E-3,1.718E3
72.09E-3,481.8E-3,1.718E3
72.12E-3,684.6E-3,1.718E3
72.14E-3,844.4E-3,1.718E3
72.16E-3,951.1E-3,1.718E3
72.19E-3,998.0E-3,1.718E3
72.21E-3,982.3E-3,1.718E3
72.23E-3,904.7E-3,1.718E3
72.26E-3,770.4E-3,1.718E3
72.28E-3,587.6E-3,1.718E3
72.30E-3,367.9E-3,1.718E3
72.33E-3,125.1E-3,1.718E3
72.35E-3,-125.6E-3,1.718E3
72.37E-3,-368.4E-3,1.718E3
72.39E-3,-588.0E-3,1.718E3
72.42E-3,-770.7E-3,1.718E3
72.44E-3,-905.0E-3,1.718E3
72.46E-3,-982.4E-3,1.718E3
72.49E-3,-998.0E-3,1.718E3
72.51E-3,-950.9E-3,1.718E3
72.53E-3,-844.1E-3,1.718E3
72.56E-3,-684.2E-3,1.718E3
72.58E-3,-481.4E-3,1.718E3
72.60E-3,-248.3E-3,1.718E3
72.63E-3,45.55E-6,1.723E3
72.65E-3,248.8E-3,1.723E3
72.67E-3,481.8E-3,1.723E3
72.70E-3,684.6E-3,1.723E3
72.72E-3,844.4E-3,1.723E3
72.74E-3,951.1E-3,1.723E3
72.77E-3,998.0E-3,1.723E3
72.79E-3,982.3E-3,1.723E3
72.81E-3,904.8E-3,1.723E3
72.84E-3,770.4E-3,1.723E3
72.86E-3,587.6E-3,1.723E3
72.88E-3,367.9E-3,1.723E3
72.90E-3,125.1E-3,1.723E3
72.93E-3,-125.6E-3,1.723E3
72.95E-3,-368.4E-3,1.723E3
72.97E-3,-588.0E-3,1.723E3
73.00E-3,-770.7E-3,1.723E3
73.02E-3,-905.0E-3,1.723E3
73.04E-3,-982.4E-3,1.723E3
73.07E-3,-998.0E-3,1.723E3
73.09E-3,-950.9E-3,1.723E3
73.11E-3,-844.1E-3,1.723E3
73.14E-3,-684.2E-3,1.723E3
73.16E-3,-481.4E-3,1.723E3
73.18E-3,-248.3E-3,1.723E3
73.21E-3,45.58E-6,1.729E3
73.23E-3,248.8E-3,1.729E3
73.25E-3,481.8E-3,1.729E3
73.27E-3,684.6E-3,1.729E3
73.30E-3,844.4E-3,1.729E3
73.32E-3,951.1E-3,1.729E3
73.34E-3,998.0E-3,1.729E3
73.37E-3,982.3E-3,1.729E3
73.39E-3,904.8E-3,1.729E3
73.41E-3,770.4E-3,1.729E3
73.44E-3,587.6E-3,1.729E3
73.46E-3,367.9E-3,1.729E3
73.48E-3,125.1E-3,1.729E3
73.51E-3,-125.6E-3,1.729E3
73.53E-3,-368.4E-3,1.729E3
73.55E-3,-588.0E-3,1.729E3
73.57E-3,-770.7E-3,1.729E3
73.60E-3,-905.0E-3,1.729E3
73.62E-3,-982.4E-3,1.729E3
73.64E-3,-998.0E-3,1.729E3
73.67E-3,-950.9E-3,1.729E3
73.69E-3,-844.1E-3,1.729E3
73.71E-3,-684.2E-3,1.729E3
73.74E-3,-481.4E-3,1.729E3
73.76E-3,-248.3E-3,1.729E3
73.78E-3,45.61E-6,1.735E3
73.80E-3,248.8E-3,1.735E3
73.83E-3,481.8E-3,1.735E3
73.85E-3,684.6E-3,1.735E3
73.87E-3,844.4E-3,1.735E3
73.90E-3,951.1E-3,1.735E3
73.92E-3,998.0E-3,1.735E3
73.94E-3,982.3E-3,1.735E3
73.97E-3,904.8E-3,1.735E3
73.99E-3,770.4E-3,1.735E3
74.01E-3,587.6E-3,1.735E3
74.03E-3,367.9E-3,1.735E3
74.06E-3,125.1E-3,1.735E3
74.08E-3,-125.6E-3,1.735E3
74.10E-3,-368.4E-3,1.735E3
74.13E-3,-588.0E-3,1.735E3
74.15E-3,-770.7E-3,1.735E3
74.17E-3,-905.0E-3,1.735E3
74.20E-3,-982.4E-3,1.735E3
74.22E-3,-998.0E-3,1.735E3
74.24E-3,-950.9E-3,1.735E3
74.26E-3,-844.1E-3,1.735E3
74.29E-3,-684.2E-3,1.735E3
74.31E-3,-481.4E-3,1.735E3
74.33E-3,-248.3E-3,1.735E3
74.36E-3,45.64E-6,1.741E3
74.38E-3,248.8E-3,1.741E3
74.40E-3,481.8E-3,1.741E3
74.42E-3,684.6E-3,1.741E3
74.45E-3,844.4E-3,1.741E3
74.47E-3,951.1E-3,1.741E3
74.49E-3,998.0E-3,1.741E3
74.52E-3,982.3E-3,1.741E3
74.54E-3,904.8E-3,1.741E3
74.56E-3,770.4E-3,1.741E3
74.59E-3,587.6E-3,1.741E3
74.61E-3,367.9E-3,1.741E3
74.63E-3,125.1E-3,1.741E3
74.65E-3,-125.6E-3,1.741E3
74.68E-3,-368.4E-3,1.741E3
74.70E-3,-588.0E-3,1.741E3
74.72E-3,-770.7E-3,1.741E3
74.75E-3,-905.0E-3,1.741E3
74.77E-3,-982.4E-3,1.741E3
74.79E-3,-998.0E-3,1.741E3
74.81E-3,-950.9E-3,1.741E3
74.84E-3,-844.1E-3,1.741E3
74.86E-3,-684.2E-3,1.741E3
74.88E-3,-481.4E-3,1.741E3
74.91E-3,-248.3E-3,1.741E3
74.93E-3,45.67E-6,1.746E3
74.95E-3,248.8E-3,1.746E3
74.97E-3,481.8E-3,1.746E3
75.00E-3,684.6E-3,1.746E3
75.02E-3,844.4E-3,1.746E3
75.04E-3,951.1E-3,1.746E3
75.07E-3,998.0E-3,1.746E3
75.09E-3,982.3E-3,1.746E3
75.11E-3,904.8E-3,1.746E3
75.13E-3,770.4E-3,1.746E3
75.16E-3,587.6E-3,1.746E3
75.18E-3,367.9E-3,1.746E3
75.20E-3,125.1E-3,1.746E3
75.23E-3,-125.6E-3,1.746E3
75.25E-3,-368.4E-3,1.746E3
75.27E-3,-588.0E-3,1.746E3
75.29E-3,-770.7E-3,1.746E3
75.32E-3,-905.0E-3,1.746E3
75.34E-3,-982.4E-3,1.746E3
75.36E-3,-998.0E-3,1.746E3
75.39E-3,-950.9E-3,1.746E3
75.41E-3,-844.1E-3,1.746E3
75.43E-3,-684.3E-3,1.746E3
75.45E-3,-481.4E-3,1.746E3
75.48E-3,-248.3E-3,1.746E3
75.50E-3,45.70E-6,1.752E3
75.52E-3,248.7E-3,1.752E3
75.54E-3,481.8E-3,1.752E3
75.57E-3,684.6E-3,1.752E3
75.59E-3,844.4E-3,1.752E3
75.61E-3,951.1E-3,1.752E3
75.64E-3,998.0E-3,1.752E3
75.66E-3,982.3E-3,1.752E3
75.68E-3,904.8E-3,1.752E3
75.70E-3,770.4E-3,1.752E3
75.73E-3,587.6E-3,1.752E3
75.75E-3,367.9E-3,1.752E3
75.77E-3,125.1E-3,1.752E3
75.80E-3,-125.6E-3,1.752E3
75.82E-3,-368.4E-3,1.752E3
75.84E-3,-588.0E-3,1.752E3
75.86E-3,-770.7E-3,1.752E3
75.89E-3,-905.0E-3,1.752E3
75.91E-3,-982.4E-3,1.752E3
75.93E-3,-998.0E-3,1.752E3
75.95E-3,-950.9E-3,1.752E3
75.98E-3,-844.1E-3,1.752E3
76.00E-3,-684.3E-3,1.752E3
76.02E-3,-481.4E-3,1.752E3
76.05E-3,-248.3E-3,1.752E3
76.07E-3,45.72E-6,1.758E3
76.09E-3,248.7E-3,1.758E3
76.11E-3,481.8E-3,1.758E3
76.14E-3,684.6E-3,1.758E3
76.16E-3,844.4E-3,1.758E3
76.18E-3,951.1E-3,1.758E3
76.20E-3,998.0E-3,1.758E3
76.23E-3,982.3E-3,1.758E3
76.25E-3,904.8E-3,1.758E3
76.27E-3,770.4E-3,1.758E3
76.30E-3,587.6E-3,1.758E3
76.32E-3,367.9E-3,1.758E3
76.34E-3,125.1E-3,1.758E3
76.36E-3,-125.6E-3,1.758E3
76.39E-3,-368.4E-3,1.758E3
76.41E-3,-588.0E-3,1.758E3
76.43E-3,-770.7E-3,1.758E3
76.45E-3,-905.0E-3,1.758E3
76.48E-3,-982.4E-3,1.758E3
76.50E-3,-998.0E-3,1.758E3
76.52E-3,-950.9E-3,1.758E3
76.54E-3,-844.1E-3,1.758E3
76.57E-3,-684.3E-3,1.758E3
76.59E-3,-481.4E-3,1.758E3
76.61E-3,-248.3E-3,1.758E3
76.64E-3,45.75E-6,1.764E3
76.66E-3,248.7E-3,1.764E3
76.68E-3,481.8E-3,1.764E3
76.70E-3,684.6E-3,1.764E3
76.73E-3,844.4E-3,1.764E3
76.75E-3,951.1E-3,1.764E3
76.77E-3,998.0E-3,1.764E3
76.79E-3,982.3E-3,1.764E3
76.82E-3,904.8E-3,1.764E3
76.84E-3,770.4E-3,1.764E3
76.86E-3,587.6E-3,1.764E3
76.88E-3,367.9E-3,1.764E3
76.91E-3,125.1E-3,1.764E3
76.93E-3,-125.6E-3,1.764E3
76.95E-3,-368.4E-3,1.764E3
76.97E-3,-588.0E-3,1.764E3
77.00E-3,-770.7E-3,1.764E3
77.02E-3,-905.0E-3,1.764E3
77.04E-3,-982.3E-3,1.764E3
77.06E-3,-998.0E-3,1.764E3
77.09E-3,-950.9E-3,1.764E3
77.11E-3,-844.1E-3,1.764E3
77.13E-3,-684.3E-3,1.764E3
77.16E-3,-481.4E-3,1.764E3
77.18E-3,-248.3E-3,1.764E3
77.20E-3,45.78E-6,1.769E3
77.22E-3,248.7E-3,1.769E3
77.25E-3,481.8E-3,1.769E3
77.27E-3,684.6E-3,1.769E3
77.29E-3,844.4E-3,1.769E3
77.31E-3,951.1E-3,1.769E3
77.34E-3,998.0E-3,1.769E3
77.36E-3,982.3E-3,1.769E3
77.38E-3,904.8E-3,1.769E3
77.40E-3,770.4E-3,1.769E3
77.43E-3,587.6E-3,1.769E3
77.45E-3,367.9E-3,1.769E3
77.47E-3,125.1E-3,1.769E3
77.49E-3,-125.6E-3,1.769E3
77.52E-3,-368.4E-3,1.769E3
77.54E-3,-588.0E-3,1.769E3
77.56E-3,-770.7E-3,1.769E3
77.58E-3,-905.0E-3,1.769E3
77.61E-3,-982.3E-3,1.769E3
77.63E-3,-998.0E-3,1.769E3
77.65E-3,-950.9E-3,1.769E3
77.67E-3,-844.1E-3,1.769E3
77.70E-3,-684.3E-3,1.769E3
77.72E-3,-481.4E-3,1.769E3
77.74E-3,-248.3E-3,1.769E3
77.76E-3,45.81E-6,1.775E3
77.79E-3,248.7E-3,1.775E3
77.81E-3,481.8E-3,1.775E3
77.83E-3,684.6E-3,1.775E3
77.85E-3,844.4E-3,1.775E3
77.88E-3,951.1E-3,1.775E3
77.90E-3,998.0E-3,1.775E3
77.92E-3,982.3E-3,1.775E3
77.94E-3,904.8E-3,1.775E3
77.97E-3,770.4E-3,1.775E3
77.99E-3,587.6E-3,1.775E3
78.01E-3,367.9E-3,1.775E3
78.03E-3,125.1E-3,1.775E3
78.06E-3,-125.6E-3,1.775E3
78.08E-3,-368.4E-3,1.775E3
78.10E-3,-588.0E-3,1.775E3
78.12E-3,-770.7E-3,1.775E3
78.15E-3,-905.0E-3,1.775E3
78.17E-3,-982.3E-3,1.775E3
78.19E-3,-998.0E-3,1.775E3
78.21E-3,-950.9E-3,1.775E3
78.24E-3,-844.1E-3,1.775E3
78.26E-3,-684.3E-3,1.775E3
78.28E-3,-481.4E-3,1.775E3
78.30E-3,-248.3E-3,1.775E3
78.33E-3,45.83E-6,1.780E3
78.35E-3,248.7E-3,1.780E3
78.37E-3,481.8E-3,1.780E3
78.39E-3,684.6E-3,1.780E3
78.42E-3,844.4E-3,1.780E3
78.44E-3,951.1E-3,1.780E3
78.46E-3,998.0E-3,1.780E3
78.48E-3,982.3E-3,1.780E3
78.50E-3,904.8E-3,1.780E3
78.53E-3,770.4E-3,1.780E3
78.55E-3,587.6E-3,1.780E3
78.57E-3,367.9E-3,1.780E3
78.59E-3,125.1E-3,1.780E3
78.62E-3,-125.6E-3,1.780E3
78.64E-3,-368.4E-3,1.780E3
78.66E-3,-588.0E-3,1.780E3
78.68E-3,-770.7E-3,1.780E3
78.71E-3,-905.0E-3,1.780E3
78.73E-3,-982.3E-3,1.780E3
78.75E-3,-998.0E-3,1.780E3
78.77E-3,-950.9E-3,1.780E3
78.80E-3,-844.1E-3,1.780E3
78.82E-3,-684.3E-3,1.780E3
78.84E-3,-481.4E-3,1.780E3
78.86E-3,-248.3E-3,1.780E3
78.89E-3,45.86E-6,1.786E3
78.91E-3,248.7E-3,1.786E3
78.93E-3,481.8E-3,1.786E3
78.95E-3,684.6E-3,1.786E3
78.97E-3,844.4E-3,1.786E3
79.00E-3,951.1E-3,1.786E3
79.02E-3,998.0E-3,1.786E3
79.04E-3,982.3E-3,1.786E3
79.06E-3,904.8E-3,1.786E3
79.09E-3,770.4E-3,1.786E3
79.11E-3,587.6E-3,1.786E3
79.13E-3,367.9E-3,1.786E3
79.15E-3,125.1E-3,1.786E3
79.18E-3,-125.6E-3,1.786E3
79.20E-3,-368.4E-3,1.786E3
79.22E-3,-588.0E-3,1.786E3
79.24E-3,-770.7E-3,1.786E3
79.27E-3,-905.0E-3,1.786E3
79.29E-3,-982.3E-3,1.786E3
79.31E-3,-998.0E-3,1.786E3
79.33E-3,-950.9E-3,1.786E3
79.35E-3,-844.1E-3,1.786E3
79.38E-3,-684.3E-3,1.786E3
79.40E-3,-481.4E-3,1.786E3
79.42E-3,-248.3E-3,1.786E3
79.44E-3,45.88E-6,1.792E3
79.47E-3,248.7E-3,1.792E3
79.49E-3,481.8E-3,1.792E3
79.51E-3,684.6E-3,1.792E3
79.53E-3,844.4E-3,1.792E3
79.56E-3,951.1E-3,1.792E3
79.58E-3,998.0E-3,1.792E3
79.60E-3,982.3E-3,1.792E3
79.62E-3,904.8E-3,1.792E3
79.64E-3,770.4E-3,1.792E3
79.67E-3,587.6E-3,1.792E3
79.69E-3,367.9E-3,1.792E3
79.71E-3,125.1E-3,1.792E3
79.73E-3,-125.6E-3,1.792E3
79.76E-3,-368.4E-3,1.792E3
79.78E-3,-588.0E-3,1.792E3
79.80E-3,-770.7E-3,1.792E3
79.82E-3,-905.0E-3,1.792E3
79.84E-3,-982.3E-3,1.792E3
79.87E-3,-998.0E-3,1.792E3
79.89E-3,-950.9E-3,1.792E3
79.91E-3,-844.1E-3,1.792E3
79.93E-3,-684.3E-3,1.792E3
79.96E-3,-481.4E-3,1.792E3
79.98E-3,-248.3E-3,1.792E3
80.00E-3,45.91E-6,1.797E3
80.02E-3,248.7E-3,1.797E3
80.04E-3,481.8E-3,1.797E3
80.07E-3,684.6E-3,1.797E3
80.09E-3,844.4E-3,1.797E3
80.11E-3,951.1E-3,1.797E3
80.13E-3,998.0E-3,1.797E3
80.16E-3,982.3E-3,1.797E3
80.18E-3,904.8E-3,1.797E3
80.20E-3,770.4E-3,1.797E3
80.22E-3,587.6E-3,1.797E3
80.24E-3,367.9E-3,1.797E3
80.27E-3,125.1E-3,1.797E3
80.29E-3,-125.6E-3,1.797E3
80.31E-3,-368.4E-3,1.797E3
80.33E-3,-588.0E-3,1.797E3
80.36E-3,-770.7E-3,1.797E3
80.38E-3,-905.0E-3,1.797E3
80.40E-3,-982.3E-3,1.797E3
80.42E-3,-998.0E-3,1.797E3
80.44E-3,-950.9E-3,1.797E3
80.47E-3,-844.1E-3,1.797E3
80.49E-3,-684.3E-3,1.797E3
80.51E-3,-481.4E-3,1.797E3
80.53E-3,-248.3E-3,1.797E3
80.55E-3,45.93E-6,1.803E3
80.58E-3,248.7E-3,1.803E3
80.60E-3,481.8E-3,1.803E3
80.62E-3,684.6E-3,1.803E3
80.64E-3,844.4E-3,1.803E3
80.67E-3,951.1E-3,1.803E3
80.69E-3,998.0E-3,1.803E3
80.71E-3,982.3E-3,1.803E3
80.73E-3,904.8E-3,1.803E3
80.75E-3,770.4E-3,1.803E3
80.78E-3,587.6E-3,1.803E3
80.80E-3,367.9E-3,1.803E3
80.82E-3,125.1E-3,1.803E3
80.84E-3,-125.6E-3,1.803E3
80.86E-3,-368.4E-3,1.803E3
80.89E-3,-588.0E-3,1.803E3
80.91E-3,-770.7E-3,1.803E3
80.93E-3,-905.0E-3,1.803E3
80.95E-3,-982.3E-3,1.803E3
80.98E-3,-998.0E-3,1.803E3
81.00E-3,-950.9E-3,1.803E3
81.02E-3,-844.1E-3,1.803E3
81.04E-3,-684.3E-3,1.803E3
81.06E-3,-481.4E-3,1.803E3
81.09E-3,-248.3E-3,1.803E3
81.11E-3,45.96E-6,1.808E3
81.13E-3,248.7E-3,1.808E3
81.15E-3,481.8E-3,1.808E3
81.17E-3,684.6E-3,1.808E3
81.20E-3,844.4E-3,1.808E3
81.22E-3,951.1E-3,1.808E3
81.24E-3,998.0E-3,1.808E3
81.26E-3,982.3E-3,1.808E3
81.28E-3,904.8E-3,1.808E3
81.31E-3,770.4E-3,1.808E3
81.33E-3,587.6E-3,1.808E3
81.35E-3,367.9E-3,1.808E3
81.37E-3,125.1E-3,1.808E3
81.39E-3,-125.6E-3,1.808E3
81.42E-3,-368.4E-3,1.808E3
81.44E-3,-588.0E-3,1.808E3
81.46E-3,-770.7E-3,1.808E3
81.48E-3,-905.0E-3,1.808E3
81.50E-3,-982.3E-3,1.808E3
81.53E-3,-998.0E-3,1.808E3
81.55E-3,-950.9E-3,1.808E3
81.57E-3,-844.1E-3,1.808E3
81.59E-3,-684.3E-3,1.808E3
81.62E-3,-481.4E-3,1.808E3
81.64E-3,-248.3E-3,1.808E3
81.66E-3,45.98E-6,1.814E3
81.68E-3,248.7E-3,1.814E3
81.70E-3,481.8E-3,1.814E3
81.73E-3,684.6E-3,1.814E3
81.75E-3,844.4E-3,1.814E3
81.77E-3,951.1E-3,1.814E3
81.79E-3,998.0E-3,1.814E3
81.81E-3,982.3E-3,1.814E3
81.84E-3,904.8E-3,1.814E3
81.86E-3,770.4E-3,1.814E3
81.88E-3,587.6E-3,1.814E3
81.90E-3,367.9E-3,1.814E3
81.92E-3,125.1E-3,1.814E3
81.95E-3,-125.6E-3,1.814E3
81.97E-3,-368.4E-3,1.814E3
81.99E-3,-588.0E-3,1.814E3
82.01E-3,-770.7E-3,1.814E3
82.03E-3,-905.0E-3,1.814E3
82.05E-3,-982.3E-3,1.814E3
82.08E-3,-998.0E-3,1.814E3
82.10E-3,-950.9E-3,1.814E3
82.12E-3,-844.1E-3,1.814E3
82.14E-3,-684.3E-3,1.814E3
82.16E-3,-481.4E-3,1.814E3
82.19E-3,-248.3E-3,1.814E3
82.21E-3,46.01E-6,1.819E3
82.23E-3,248.7E-3,1.819E3
82.25E-3,481.8E-3,1.819E3
82.27E-3,684.6E-3,1.819E3
82.30E-3,844.4E-3,1.819E3
82.32E-3,951.1E-3,1.819E3
82.34E-3,998.0E-3,1.819E3
82.36E-3,982.3E-3,1.819E3
82.38E-3,904.8E-3,1.819E3
82.41E-3,770.4E-3,1.819E3
82.43E-3,587.6E-3,1.819E3
82.45E-3,367.9E-3,1.819E3
82.47E-3,125.1E-3,1.819E3
82.49E-3,-125.6E-3,1.819E3
82.52E-3,-368.4E-3,1.819E3
82.54E-3,-588.0E-3,1.819E3
82.56E-3,-770.7E-3,1.819E3
82.58E-3,-905.0E-3,1.819E3
82.60E-3,-982.3E-3,1.819E3
82.63E-3,-998.0E-3,1.819E3
82.65E-3,-950.9E-3,1.819E3
82.67E-3,-844.1E-3,1.819E3
82.69E-3,-684.3E-3,1.819E3
82.71E-3,-481.4E-3,1.819E3
82.73E-3,-248.3E-3,1.819E3
82.76E-3,46.03E-6,1.825E3
82.78E-3,248.7E-3,1.825E3
82.80E-3,481.8E-3,1.825E3
82.82E-3,684.6E-3,1.825E3
82.84E-3,844.4E-3,1.825E3
82.87E-3,951.1E-3,1.825E3
82.89E-3,998.0E-3,1.825E3
82.91E-3,982.3E-3,1.825E3
82.93E-3,904.8E-3,1.825E3
82.95E-3,770.4E-3,1.825E3
82.98E-3,587.6E-3,1.825E3
83.00E-3,367.9E-3,1.825E3
83.02E-3,125.1E-3,1.825E3
83.04E-3,-125.6E-3,1.825E3
83.06E-3,-368.4E-3,1.825E3
83.08E-3,-588.0E-3,1.825E3
83.11E-3,-770.7E-3,1.825E3
83.13E-3,-905.0E-3,1.825E3
83.15E-3,-982.3E-3,1.825E3
83.17E-3,-998.0E-3,1.825E3
83.19E-3,-950.9E-3,1.825E3
83.22E-3,-844.1E-3,1.825E3
83.24E-3,-684.3E-3,1.825E3
83.26E-3,-481.4E-3,1.825E3
83.28E-3,-248.3E-3,1.825E3
83.30E-3,46.06E-6,1.830E3
83.32E-3,248.7E-3,1.830E3
83.35E-3,481.8E-3,1.830E3
83.37E-3,684.6E-3,1.830E3
83.39E-3,844.4E-3,1.830E3
83.41E-3,951.1E-3,1.830E3
83.43E-3,998.0E-3,1.830E3
83.46E-3,982.3E-3,1.830E3
83.48E-3,904.8E-3,1.830E3
83.50E-3,770.4E-3,1.830E3
83.52E-3,587.6E-3,1.830E3
83.54E-3,367.9E-3,1.830E3
83.56E-3,125.1E-3,1.830E3
83.59E-3,-125.6E-3,1.830E3
83.61E-3,-368.4E-3,1.830E3
83.63E-3,-588.0E-3,1.830E3
83.65E-3,-770.7E-3,1.830E3
83.67E-3,-905.0E-3,1.830E3
83.70E-3,-982.3E-3,1.830E3
83.72E-3,-998.0E-3,1.830E3
83.74E-3,-950.9E-3,1.830E3
83.76E-3,-844.1E-3,1.830E3
83.78E-3,-684.3E-3,1.830E3
83.80E-3,-481.4E-3,1.830E3
83.83E-3,-248.3E-3,1.830E3
83.85E-3,46.08E-6,1.836E3
83.87E-3,248.7E-3,1.836E3
83.89E-3,481.8E-3,1.836E3
83.91E-3,684.6E-3,1.836E3
83.93E-3,844.4E-3,1.836E3
83.96E-3,951.1E-3,1.836E3
83.98E-3,998.0E-3,1.836E3
84.00E-3,982.3E-3,1.836E3
84.02E-3,904.8E-3,1.836E3
84.04E-3,770.4E-3,1.836E3
84.07E-3,587.6E-3,1.836E3
84.09E-3,367.9E-3,1.836E3
84.11E-3,125.1E-3,1.836E3
84.13E-3,-125.6E-3,1.836E3
84.15E-3,-368.4E-3,1.836E3
84.17E-3,-588.0E-3,1.836E3
84.20E-3,-770.7E-3,1.836E3
84.22E-3,-905.0E-3,1.836E3
84.24E-3,-982.3E-3,1.836E3
84.26E-3,-998.0E-3,1.836E3
84.28E-3,-951.0E-3,1.836E3
84.30E-3,-844.1E-3,1.836E3
84.33E-3,-684.3E-3,1.836E3
84.35E-3,-481.4E-3,1.836E3
84.37E-3,-248.3E-3,1.836E3
84.39E-3,46.10E-6,1.841E3
84.41E-3,248.7E-3,1.841E3
84.43E-3,481.8E-3,1.841E3
84.46E-3,684.6E-3,1.841E3
84.48E-3,844.4E-3,1.841E3
84.50E-3,951.1E-3,1.841E3
84.52E-3,998.0E-3,1.841E3
84.54E-3,982.3E-3,1.841E3
84.56E-3,904.8E-3,1.841E3
84.59E-3,770.4E-3,1.841E3
84.61E-3,587.6E-3,1.841E3
84.63E-3,367.9E-3,1.841E3
84.65E-3,125.1E-3,1.841E3
84.67E-3,-125.6E-3,1.841E3
84.69E-3,-368.4E-3,1.841E3
84.72E-3,-588.0E-3,1.841E3
84.74E-3,-770.7E-3,1.841E3
84.76E-3,-905.0E-3,1.841E3
84.78E-3,-982.3E-3,1.841E3
84.80E-3,-998.0E-3,1.841E3
84.82E-3,-951.0E-3,1.841E3
84.85E-3,-844.1E-3,1.841E3
84.87E-3,-684.3E-3,1.841E3
84.89E-3,-481.4E-3,1.841E3
84.91E-3,-248.3E-3,1.841E3
84.93E-3,46.13E-6,1.847E3
84.95E-3,248.7E-3,1.847E3
84.98E-3,481.8E-3,1.847E3
85.00E-3,684.6E-3,1.847E3
85.02E-3,844.4E-3,1.847E3
85.04E-3,951.1E-3,1.847E3
85.06E-3,998.0E-3,1.847E3
85.08E-3,982.3E-3,1.847E3
85.11E-3,904.8E-3,1.847E3
85.13E-3,770.4E-3,1.847E3
85.15E-3,587.6E-3,1.847E3
85.17E-3,367.9E-3,1.847E3
85.19E-3,125.1E-3,1.847E3
85.21E-3,-125.6E-3,1.847E3
85.24E-3,-368.4E-3,1.847E3
85.26E-3,-588.0E-3,1.847E3
85.28E-3,-770.7E-3,1.847E3
85.30E-3,-905.0E-3,1.847E3
85.32E-3,-982.3E-3,1.847E3
85.34E-3,-998.0E-3,1.847E3
85.36E-3,-951.0E-3,1.847E3
85.39E-3,-844.1E-3,1.847E3
85.41E-3,-684.3E-3,1.847E3
85.43E-3,-481.4E-3,1.847E3
85.45E-3,-248.3E-3,1.847E3
85.47E-3,46.15E-6,1.852E3
85.49E-3,248.7E-3,1.852E3
85.52E-3,481.8E-3,1.852E3
85.54E-3,684.6E-3,1.852E3
85.56E-3,844.4E-3,1.852E3
85.58E-3,951.1E-3,1.852E3
85.60E-3,998.0E-3,1.852E3
85.62E-3,982.3E-3,1.852E3
85.64E-3,904.8E-3,1.852E3
85.67E-3,770.4E-3,1.852E3
85.69E-3,587.6E-3,1.852E3
85.71E-3,367.9E-3,1.852E3
85.73E-3,125.1E-3,1.852E3
85.75E-3,-125.6E-3,1.852E3
85.77E-3,-368.4E-3,1.852E3
85.80E-3,-588.0E-3,1.852E3
85.82E-3,-770.7E-3,1.852E3
85.84E-3,-905.0E-3,1.852E3
85.86E-3,-982.3E-3,1.852E3
85.88E-3,-998.0E-3,1.852E3
85.90E-3,-951.0E-3,1.852E3
85.92E-3,-844.1E-3,1.852E3
85.95E-3,-684.3E-3,1.852E3
85.97E-3,-481.4E-3,1.852E3
85.99E-3,-248.3E-3,1.852E3
86.01E-3,46.17E-6,1.857E3
86.03E-3,248.7E-3,1.857E3
86.05E-3,481.8E-3,1.857E3
86.08E-3,684.6E-3,1.857E3
86.10E-3,844.4E-3,1.857E3
86.12E-3,951.1E-3,1.857E3
86.14E-3,998.0E-3,1.857E3
86.16E-3,982.3E-3,1.857E3
86.18E-3,904.8E-3,1.857E3
86.20E-3,770.4E-3,1.857E3
86.23E-3,587.6E-3,1.857E3
86.25E-3,367.9E-3,1.857E3
86.27E-3,125.1E-3,1.857E3
86.29E-3,-125.6E-3,1.857E3
86.31E-3,-368.4E-3,1.857E3
86.33E-3,-588.0E-3,1.857E3
86.35E-3,-770.7E-3,1.857E3
86.38E-3,-905.0E-3,1.857E3
86.40E-3,-982.3E-3,1.857E3
86.42E-3,-998.0E-3,1.857E3
86.44E-3,-951.0E-3,1.857E3
86.46E-3,-844.1E-3,1.857E3
86.48E-3,-684.3E-3,1.857E3
86.50E-3,-481.4E-3,1.857E3
86.53E-3,-248.3E-3,1.857E3
86.55E-3,46.19E-6,1.863E3
86.57E-3,248.7E-3,1.863E3
86.59E-3,481.8E-3,1.863E3
86.61E-3,684.6E-3,1.863E3
86.63E-3,844.4E-3,1.863E3
86.65E-3,951.1E-3,1.863E3
86.68E-3,998.0E-3,1.863E3
86.70E-3,982.3E-3,1.863E3
86.72E-3,904.8E-3,1.863E3
86.74E-3,770.4E-3,1.863E3
86.76E-3,587.6E-3,1.863E3
86.78E-3,367.9E-3,1.863E3
86.80E-3,125.1E-3,1.863E3
86.83E-3,-125.6E-3,1.863E3
86.85E-3,-368.4E-3,1.863E3
86.87E-3,-588.0E-3,1.863E3
86.89E-3,-770.7E-3,1.863E3
86.91E-3,-905.0E-3,1.863E3
86.93E-3,-982.3E-3,1.863E3
86.95E-3,-998.0E-3,1.863E3
86.98E-3,-951.0E-3,1.863E3
87.00E-3,-844.1E-3,1.863E3
87.02E-3,-684.3E-3,1.863E3
87.04E-3,-481.4E-3,1.863E3
87.06E-3,-248.3E-3,1.863E3
87.08E-3,46.21E-6,1.868E3
87.10E-3,248.7E-3,1.868E3
87.13E-3,481.8E-3,1.868E3
87.15E-3,684.6E-3,1.868E3
87.17E-3,844.4E-3,1.868E3
87.19E-3,951.1E-3,1.868E3
87.21E-3,998.0E-3,1.868E3
87.23E-3,982.3E-3,1.868E3
87.25E-3,904.8E-3,1.868E3
87.28E-3,770.4E-3,1.868E3
87.30E-3,587.6E-3,1.868E3
87.32E-3,367.9E-3,1.868E3
87.34E-3,125.1E-3,1.868E3
87.36E-3,-125.6E-3,1.868E3
87.38E-3,-368.4E-3,1.868E3
87.40E-3,-588.0E-3,1.868E3
87.42E-3,-770.7E-3,1.868E3
87.45E-3,-905.0E-3,1.868E3
87.47E-3,-982.3E-3,1.868E3
87.49E-3,-998.0E-3,1.868E3
87.51E-3,-951.0E-3,1.868E3
87.53E-3,-844.1E-3,1.868E3
87.55E-3,-684.3E-3,1.868E3
87.57E-3,-481.4E-3,1.868E3
87.60E-3,-248.3E-3,1.868E3
87.62E-3,46.24E-6,1.873E3
87.64E-3,248.7E-3,1.873E3
87.66E-3,481.8E-3,1.873E3
87.68E-3,684.6E-3,1.873E3
87.70E-3,844.4E-3,1.873E3
87.72E-3,951.1E-3,1.873E3
87.74E-3,998.0E-3,1.873E3
87.77E-3,982.3E-3,1.873E3
87.79E-3,904.8E-3,1.873E3
87.81E-3,770.4E-3,1.873E3
87.83E-3,587.6E-3,1.873E3
87.85E-3,367.9E-3,1.873E3
87.87E-3,125.1E-3,1.873E3
87.89E-3,-125.6E-3,1.873E3
87.91E-3,-368.4E-3,1.873E3
87.94E-3,-588.0E-3,1.873E3
87.96E-3,-770.7E-3,1.873E3
87.98E-3,-904.9E-3,1.873E3
88.00E-3,-982.3E-3,1.873E3
88.02E-3,-998.0E-3,1.873E3
88.04E-3,-951.0E-3,1.873E3
88.06E-3,-844.1E-3,1.873E3
88.09E-3,-684.3E-3,1.873E3
88.11E-3,-481.4E-3,1.873E3
88.13E-3,-248.3E-3,1.873E3
88.15E-3,46.26E-6,1.879E3
88.17E-3,248.7E-3,1.879E3
88.19E-3,481.8E-3,1.879E3
88.21E-3,684.6E-3,1.879E3
88.23E-3,844.4E-3,1.879E3
88.26E-3,951.1E-3,1.879E3
88.28E-3,998.0E-3,1.879E3
88.30E-3,982.3E-3,1.879E3
88.32E-3,904.8E-3,1.879E3
88.34E-3,770.4E-3,1.879E3
88.36E-3,587.6E-3,1.879E3
88.38E-3,367.9E-3,1.879E3
88.40E-3,125.1E-3,1.879E3
88.43E-3,-125.6E-3,1.879E3
88.45E-3,-368.4E-3,1.879E3
88.47E-3,-588.0E-3,1.879E3
88.49E-3,-770.7E-3,1.879E3
88.51E-3,-904.9E-3,1.879E3
88.53E-3,-982.3E-3,1.879E3
88.55E-3,-998.0E-3,1.879E3
88.57E-3,-951.0E-3,1.879E3
88.59E-3,-844.1E-3,1.879E3
88.62E-3,-684.3E-3,1.879E3
88.64E-3,-481.4E-3,1.879E3
88.66E-3,-248.3E-3,1.879E3
88.68E-3,46.28E-6,1.884E3
88.70E-3,248.7E-3,1.884E3
88.72E-3,481.8E-3,1.884E3
88.74E-3,684.6E-3,1.884E3
88.76E-3,844.4E-3,1.884E3
88.79E-3,951.1E-3,1.884E3
88.81E-3,998.0E-3,1.884E3
88.83E-3,982.3E-3,1.884E3
88.85E-3,904.8E-3,1.884E3
88.87E-3,770.4E-3,1.884E3
88.89E-3,587.6E-3,1.884E3
88.91E-3,367.9E-3,1.884E3
88.93E-3,125.1E-3,1.884E3
88.96E-3,-125.6E-3,1.884E3
88.98E-3,-368.4E-3,1.884E3
89.00E-3,-588.0E-3,1.884E3
89.02E-3,-770.7E-3,1.884E3
89.04E-3,-904.9E-3,1.884E3
89.06E-3,-982.3E-3,1.884E3
89.08E-3,-998.0E-3,1.884E3
89.10E-3,-951.0E-3,1.884E3
89.12E-3,-844.1E-3,1.884E3
89.15E-3,-684.3E-3,1.884E3
89.17E-3,-481.4E-3,1.884E3
89.19E-3,-248.3E-3,1.884E3
89.21E-3,46.30E-6,1.889E3
89.23E-3,248.7E-3,1.889E3
89.25E-3,481.8E-3,1.889E3
89.27E-3,684.6E-3,1.889E3
89.29E-3,844.4E-3,1.889E3
89.31E-3,951.1E-3,1.889E3
89.34E-3,998.0E-3,1.889E3
89.36E-3,982.3E-3,1.889E3
89.38E-3,904.8E-3,1.889E3
89.40E-3,770.4E-3,1.889E3
89.42E-3,587.6E-3,1.889E3
89.44E-3,367.9E-3,1.889E3
89.46E-3,125.1E-3,1.889E3
89.48E-3,-125.6E-3,1.889E3
89.50E-3,-368.4E-3,1.889E3
89.53E-3,-588.0E-3,1.889E3
89.55E-3,-770.7E-3,1.889E3
89.57E-3,-904.9E-3,1.889E3
89.59E-3,-982.3E-3,1.889E3
89.61E-3,-998.0E-3,1.889E3
89.63E-3,-951.0E-3,1.889E3
89.65E-3,-844.1E-3,1.889E3
89.67E-3,-684.3E-3,1.889E3
89.69E-3,-481.4E-3,1.889E3
89.72E-3,-248.3E-3,1.889E3
89.74E-3,46.32E-6,1.895E3
89.76E-3,248.7E-3,1.895E3
89.78E-3,481.8E-3,1.895E3
89.80E-3,684.6E-3,1.895E3
89.82E-3,844.4E-3,1.895E3
89.84E-3,951.1E-3,1.895E3
89.86E-3,998.0E-3,1.895E3
89.88E-3,982.3E-3,1.895E3
89.91E-3,904.8E-3,1.895E3
89.93E-3,770.4E-3,1.895E3
89.95E-3,587.6E-3,1.895E3
89.97E-3,367.9E-3,1.895E3
89.99E-3,125.1E-3,1.895E3
90.01E-3,-125.6E-3,1.895E3
90.03E-3,-368.3E-3,1.895E3
90.05E-3,-588.0E-3,1.895E3
90.07E-3,-770.7E-3,1.895E3
90.09E-3,-904.9E-3,1.895E3
90.12E-3,-982.3E-3,1.895E3
90.14E-3,-998.0E-3,1.895E3
90.16E-3,-951.0E-3,1.895E3
90.18E-3,-844.1E-3,1.895E3
90.20E-3,-684.3E-3,1.895E3
90.22E-3,-481.4E-3,1.895E3
90.24E-3,-248.3E-3,1.895E3
90.26E-3,46.34E-6,1.900E3
90.28E-3,248.7E-3,1.900E3
90.31E-3,481.8E-3,1.900E3
90.33E-3,684.6E-3,1.900E3
90.35E-3,844.4E-3,1.900E3
90.37E-3,951.1E-3,1.900E3
90.39E-3,998.0E-3,1.900E3
90.41E-3,982.3E-3,1.900E3
90.43E-3,904.8E-3,1.900E3
90.45E-3,770.4E-3,1.900E3
90.47E-3,587.6E-3,1.900E3
90.49E-3,367.9E-3,1.900E3
90.52E-3,125.1E-3,1.900E3
90.54E-3,-125.6E-3,1.900E3
90.56E-3,-368.3E-3,1.900E3
90.58E-3,-588.0E-3,1.900E3
90.60E-3,-770.7E-3,1.900E3
90.62E-3,-904.9E-3,1.900E3
90.64E-3,-982.3E-3,1.900E3
90.66E-3,-998.0E-3,1.900E3
90.68E-3,-951.0E-3,1.900E3
90.70E-3,-844.1E-3,1.900E3
90.72E-3,-684.3E-3,1.900E3
90.75E-3,-481.4E-3,1.900E3
90.77E-3,-248.3E-3,1.900E3
90.79E-3,46.36E-6,1.905E3
90.81E-3,248.7E-3,1.905E3
90.83E-3,481.8E-3,1.905E3
90.85E-3,684.6E-3,1.905E3
90.87E-3,844.4E-3,1.905E3
90.89E-3,951.1E-3,1.905E3
90.91E-3,998.0E-3,1.905E3
90.93E-3,982.3E-3,1.905E3
90.96E-3,904.8E-3,1.905E3
90.98E-3,770.4E-3,1.905E3
91.00E-3,587.6E-3,1.905E3
91.02E-3,367.9E-3,1.905E3
91.04E-3,125.1E-3,1.905E3
91.06E-3,-125.6E-3,1.905E3
91.08E-3,-368.3E-3,1.905E3
91.10E-3,-588.0E-3,1.905E3
91.12E-3,-770.7E-3,1.905E3
91.14E-3,-904.9E-3,1.905E3
91.16E-3,-982.3E-3,1.905E3
91.19E-3,-998.0E-3,1.905E3
91.21E-3,-951.0E-3,1.905E3
91.23E-3,-844.1E-3,1.905E3
91.25E-3,-684.3E-3,1.905E3
91.27E-3,-481.4E-3,1.905E3
91.29E-3,-248.3E-3,1.905E3
91.31E-3,46.38E-6,1.910E3
91.33E-3,248.7E-3,1.910E3
91.35E-3,481.8E-3,1.910E3
91.37E-3,684.6E-3,1.910E3
91.39E-3,844.4E-3,1.910E3
91.42E-3,951.1E-3,1.910E3
91.44E-3,998.0E-3,1.910E3
91.46E-3,982.3E-3,1.910E3
91.48E-3,904.8E-3,1.910E3
91.50E-3,770.4E-3,1.910E3
91.52E-3,587.6E-3,1.910E3
91.54E-3,367.9E-3,1.910E3
91.56E-3,125.1E-3,1.910E3
91.58E-3,-125.6E-3,1.910E3
91.60E-3,-368.3E-3,1.910E3
91.62E-3,-588.0E-3,1.910E3
91.65E-3,-770.7E-3,1.910E3
91.67E-3,-904.9E-3,1.910E3
91.69E-3,-982.3E-3,1.910E3
91.71E-3,-998.0E-3,1.910E3
91.73E-3,-951.0E-3,1.910E3
91.75E-3,-844.1E-3,1.910E3
91.77E-3,-684.3E-3,1.910E3
91.79E-3,-481.4E-3,1.910E3
91.81E-3,-248.3E-3,1.910E3
91.83E-3,46.40E-6,1.916E3
91.85E-3,248.7E-3,1.916E3
91.87E-3,481.8E-3,1.916E3
91.90E-3,684.6E-3,1.916E3
91.92E-3,844.4E-3,1.916E3
91.94E-3,951.1E-3,1.916E3
91.96E-3,998.0E-3,1.916E3
91.98E-3,982.3E-3,1.916E3
92.00E-3,904.8E-3,1.916E3
92.02E-3,770.4E-3,1.916E3
92.04E-3,587.6E-3,1.916E3
92.06E-3,367.9E-3,1.916E3
92.08E-3,125.1E-3,1.916E3
92.10E-3,-125.6E-3,1.916E3
92.12E-3,-368.3E-3,1.916E3
92.15E-3,-588.0E-3,1.916E3
92.17E-3,-770.7E-3,1.916E3
92.19E-3,-904.9E-3,1.916E3
92.21E-3,-982.3E-3,1.916E3
92.23E-3,-998.0E-3,1.916E3
92.25E-3,-951.0E-3,1.916E3
92.27E-3,-844.1E-3,1.916E3
92.29E-3,-684.3E-3,1.916E3
92.31E-3,-481.4E-3,1.916E3
92.33E-3,-248.3E-3,1.916E3
92.35E-3,46.42E-6,1.921E3
92.37E-3,248.7E-3,1.921E3
92.40E-3,481.8E-3,1.921E3
92.42E-3,684.6E-3,1.921E3
92.44E-3,844.4E-3,1.921E3
92.46E-3,951.1E-3,1.921E3
92.48E-3,998.0E-3,1.921E3
92.50E-3,982.3E-3,1.921E3
92.52E-3,904.8E-3,1.921E3
92.54E-3,770.4E-3,1.921E3
92.56E-3,587.6E-3,1.921E3
92.58E-3,367.9E-3,1.921E3
92.60E-3,125.1E-3,1.921E3
92.62E-3,-125.6E-3,1.921E3
92.64E-3,-368.3E-3,1.921E3
92.67E-3,-588.0E-3,1.921E3
92.69E-3,-770.7E-3,1.921E3
92.71E-3,-904.9E-3,1.921E3
92.73E-3,-982.3E-3,1.921E3
92.75E-3,-998.0E-3,1.921E3
92.77E-3,-951.0E-3,1.921E3
92.79E-3,-844.2E-3,1.921E3
92.81E-3,-684.3E-3,1.921E3
92.83E-3,-481.4E-3,1.921E3
92.85E-3,-248.3E-3,1.921E3
92.87E-3,46.44E-6,1.926E3
92.89E-3,248.7E-3,1.926E3
92.91E-3,481.8E-3,1.926E3
92.94E-3,684.6E-3,1.926E3
92.96E-3,844.4E-3,1.926E3
92.98E-3,951.1E-3,1.926E3
93.00E-3,998.0E-3,1.926E3
93.02E-3,982.3E-3,1.926E3
93.04E-3,904.8E-3,1.926E3
93.06E-3,770.4E-3,1.926E3
93.08E-3,587.6E-3,1.926E3
93.10E-3,367.9E-3,1.926E3
93.12E-3,125.1E-3,1.926E3
93.14E-3,-125.6E-3,1.926E3
93.16E-3,-368.3E-3,1.926E3
93.18E-3,-588.0E-3,1.926E3
93.20E-3,-770.7E-3,1.926E3
93.23E-3,-904.9E-3,1.926E3
93.25E-3,-982.3E-3,1.926E3
93.27E-3,-998.0E-3,1.926E3
93.29E-3,-951.0E-3,1.926E3
93.31E-3,-844.2E-3,1.926E3
93.33E-3,-684.3E-3,1.926E3
93.35E-3,-481.4E-3,1.926E3
93.37E-3,-248.3E-3,1.926E3
93.39E-3,46.46E-6,1.931E3
93.41E-3,248.7E-3,1.931E3
93.43E-3,481.8E-3,1.931E3
93.45E-3,684.6E-3,1.931E3
93.47E-3,844.4E-3,1.931E3
93.49E-3,951.1E-3,1.931E3
93.51E-3,998.0E-3,1.931E3
93.54E-3,982.3E-3,1.931E3
93.56E-3,904.8E-3,1.931E3
93.58E-3,770.4E-3,1.931E3
93.60E-3,587.6E-3,1.931E3
93.62E-3,367.9E-3,1.931E3
93.64E-3,125.1E-3,1.931E3
93.66E-3,-125.6E-3,1.931E3
93.68E-3,-368.3E-3,1.931E3
93.70E-3,-588.0E-3,1.931E3
93.72E-3,-770.7E-3,1.931E3
93.74E-3,-904.9E-3,1.931E3
93.76E-3,-982.3E-3,1.931E3
93.78E-3,-998.0E-3,1.931E3
93.80E-3,-951.0E-3,1.931E3
93.82E-3,-844.2E-3,1.931E3
93.85E-3,-684.3E-3,1.931E3
93.87E-3,-481.4E-3,1.931E3
93.89E-3,-248.3E-3,1.931E3
93.91E-3,46.48E-6,1.936E3
93.93E-3,248.7E-3,1.936E3
93.95E-3,481.8E-3,1.936E3
93.97E-3,684.6E-3,1.936E3
93.99E-3,844.4E-3,1.936E3
94.01E-3,951.1E-3,1.936E3
94.03E-3,998.0E-3,1.936E3
94.05E-3,982.3E-3,1.936E3
94.07E-3,904.8E-3,1.936E3
94.09E-3,770.4E-3,1.936E3
94.11E-3,587.6E-3,1.936E3
94.13E-3,367.9E-3,1.936E3
94.15E-3,125.1E-3,1.936E3
94.18E-3,-125.6E-3,1.936E3
94.20E-3,-368.3E-3,1.936E3
94.22E-3,-588.0E-3,1.936E3
94.24E-3,-770.7E-3,1.936E3
94.26E-3,-904.9E-3,1.936E3
94.28E-3,-982.3E-3,1.936E3
94.30E-3,-998.0E-3,1.936E3
94.32E-3,-951.0E-3,1.936E3
94.34E-3,-844.2E-3,1.936E3
94.36E-3,-684.3E-3,1.936E3
94.38E-3,-481.4E-3,1.936E3
94.40E-3,-248.3E-3,1.936E3
94.42E-3,46.50E-6,1.942E3
94.44E-3,248.7E-3,1.942E3
94.46E-3,481.8E-3,1.942E3
94.48E-3,684.6E-3,1.942E3
94.50E-3,844.4E-3,1.942E3
94.53E-3,951.1E-3,1.942E3
94.55E-3,998.0E-3,1.942E3
94.57E-3,982.3E-3,1.942E3
94.59E-3,904.8E-3,1.942E3
94.61E-3,770.4E-3,1.942E3
94.63E-3,587.6E-3,1.942E3
94.65E-3,367.9E-3,1.942E3
94.67E-3,125.1E-3,1.942E3
94.69E-3,-125.6E-3,1.942E3
94.71E-3,-368.3E-3,1.942E3
94.73E-3,-588.0E-3,1.942E3
94.75E-3,-770.7E-3,1.942E3
94.77E-3,-904.9E-3,1.942E3
94.79E-3,-982.3E-3,1.942E3
94.81E-3,-998.0E-3,1.942E3
94.83E-3,-951.0E-3,1.942E3
94.85E-3,-844.2E-3,1.942E3
94.87E-3,-684.3E-3,1.942E3
94.89E-3,-481.4E-3,1.942E3
94.92E-3,-248.3E-3,1.942E3
94.94E-3,46.51E-6,1.947E3
94.96E-3,248.7E-3,1.947E3
94.98E-3,481.8E-3,1.947E3
95.00E-3,684.6E-3,1.947E3
95.02E-3,844.4E-3,1.947E3
95.04E-3,951.1E-3,1.947E3
95.06E-3,998.0E-3,1.947E3
95.08E-3,982.3E-3,1.947E3
95.10E-3,904.8E-3,1.947E3
95.12E-3,770.4E-3,1.947E3
95.14E-3,587.6E-3,1.947E3
95.16E-3,367.9E-3,1.947E3
95.18E-3,125.1E-3,1.947E3
95.20E-3,-125.5E-3,1.947E3
95.22E-3,-368.3E-3,1.947E3
95.24E-3,-588.0E-3,1.947E3
95.26E-3,-770.7E-3,1.947E3
95.28E-3,-904.9E-3,1.947E3
95.30E-3,-982.3E-3,1.947E3
95.33E-3,-998.0E-3,1.947E3
95.35E-3,-951.0E-3,1.947E3
95.37E-3,-844.2E-3,1.947E3
95.39E-3,-684.3E-3,1.947E3
95.41E-3,-481.4E-3,1.947E3
95.43E-3,-248.3E-3,1.947E3
95.45E-3,46.53E-6,1.952E3
95.47E-3,248.7E-3,1.952E3
95.49E-3,481.8E-3,1.952E3
95.51E-3,684.6E-3,1.952E3
95.53E-3,844.4E-3,1.952E3
95.55E-3,951.1E-3,1.952E3
95.57E-3,998.0E-3,1.952E3
95.59E-3,982.3E-3,1.952E3
95.61E-3,904.8E-3,1.952E3
95.63E-3,770.4E-3,1.952E3
95.65E-3,587.6E-3,1.952E3
95.67E-3,367.9E-3,1.952E3
95.69E-3,125.1E-3,1.952E3
95.71E-3,-125.5E-3,1.952E3
95.73E-3,-368.3E-3,1.952E3
95.75E-3,-588.0E-3,1.952E3
95.78E-3,-770.7E-3,1.952E3
95.80E-3,-904.9E-3,1.952E3
95.82E-3,-982.3E-3,1.952E3
95.84E-3,-998.0E-3,1.952E3
95.86E-3,-951.0E-3,1.952E3
95.88E-3,-844.2E-3,1.952E3
95.90E-3,-684.3E-3,1.952E3
95.92E-3,-481.4E-3,1.952E3
95.94E-3,-248.3E-3,1.952E3
95.96E-3,46.55E-6,1.957E3
95.98E-3,248.7E-3,1.957E3
96.00E-3,481.8E-3,1.957E3
96.02E-3,684.6E-3,1.957E3
96.04E-3,844.4E-3,1.957E3
96.06E-3,951.1E-3,1.957E3
96.08E-3,998.0E-3,1.957E3
96.10E-3,982.3E-3,1.957E3
96.12E-3,904.8E-3,1.957E3
96.14E-3,770.4E-3,1.957E3
96.16E-3,587.6E-3,1.957E3
96.18E-3,367.9E-3,1.957E3
96.20E-3,125.1E-3,1.957E3
96.22E-3,-125.5E-3,1.957E3
96.24E-3,-368.3E-3,1.957E3
96.27E-3,-588.0E-3,1.957E3
96.29E-3,-770.7E-3,1.957E3
96.31E-3,-904.9E-3,1.957E3
96.33E-3,-982.3E-3,1.957E3
96.35E-3,-998.0E-3,1.957E3
96.37E-3,-951.0E-3,1.957E3
96.39E-3,-844.2E-3,1.957E3
96.41E-3,-684.3E-3,1.957E3
96.43E-3,-481.4E-3,1.957E3
96.45E-3,-248.3E-3,1.957E3
96.47E-3,46.57E-6,1.962E3
96.49E-3,248.7E-3,1.962E3
96.51E-3,481.8E-3,1.962E3
96.53E-3,684.6E-3,1.962E3
96.55E-3,844.4E-3,1.962E3
96.57E-3,951.1E-3,1.962E3
96.59E-3,998.0E-3,1.962E3
96.61E-3,982.3E-3,1.962E3
96.63E-3,904.8E-3,1.962E3
96.65E-3,770.4E-3,1.962E3
96.67E-3,587.6E-3,1.962E3
96.69E-3,367.9E-3,1.962E3
96.71E-3,125.1E-3,1.962E3
96.73E-3,-125.5E-3,1.962E3
96.75E-3,-368.3E-3,1.962E3
96.77E-3,-588.0E-3,1.962E3
96.79E-3,-770.7E-3,1.962E3
96.81E-3,-904.9E-3,1.962E3
96.83E-3,-982.3E-3,1.962E3
96.86E-3,-998.0E-3,1.962E3
96.88E-3,-951.0E-3,1.962E3
96.90E-3,-844.2E-3,1.962E3
96.92E-3,-684.3E-3,1.962E3
96.94E-3,-481.5E-3,1.962E3
96.96E-3,-248.3E-3,1.962E3
96.98E-3,46.59E-6,1.967E3
97.00E-3,248.7E-3,1.967E3
97.02E-3,481.8E-3,1.967E3
97.04E-3,684.6E-3,1.967E3
97.06E-3,844.4E-3,1.967E3
97.08E-3,951.1E-3,1.967E3
97.10E-3,998.0E-3,1.967E3
97.12E-3,982.3E-3,1.967E3
97.14E-3,904.8E-3,1.967E3
97.16E-3,770.4E-3,1.967E3
97.18E-3,587.6E-3,1.967E3
97.20E-3,367.9E-3,1.967E3
97.22E-3,125.1E-3,1.967E3
97.24E-3,-125.5E-3,1.967E3
97.26E-3,-368.3E-3,1.967E3
97.28E-3,-588.0E-3,1.967E3
97.30E-3,-770.7E-3,1.967E3
97.32E-3,-904.9E-3,1.967E3
97.34E-3,-982.3E-3,1.967E3
97.36E-3,-998.0E-3,1.967E3
97.38E-3,-951.0E-3,1.967E3
97.40E-3,-844.2E-3,1.967E3
97.42E-3,-684.3E-3,1.967E3
97.44E-3,-481.5E-3,1.967E3
97.46E-3,-248.3E-3,1.967E3
97.48E-3,46.60E-6,1.972E3
97.50E-3,248.7E-3,1.972E3
97.52E-3,481.8E-3,1.972E3
97.54E-3,684.6E-3,1.972E3
97.57E-3,844.4E-3,1.972E3
97.59E-3,951.1E-3,1.972E3
97.61E-3,998.0E-3,1.972E3
97.63E-3,982.3E-3,1.972E3
97.65E-3,904.8E-3,1.972E3
97.67E-3,770.4E-3,1.972E3
97.69E-3,587.6E-3,1.972E3
97.71E-3,367.9E-3,1.972E3
97.73E-3,125.1E-3,1.972E3
97.75E-3,-125.5E-3,1.972E3
97.77E-3,-368.3E-3,1.972E3
97.79E-3,-588.0E-3,1.972E3
97.81E-3,-770.7E-3,1.972E3
97.83E-3,-904.9E-3,1.972E3
97.85E-3,-982.3E-3,1.972E3
97.87E-3,-998.0E-3,1.972E3
97.89E-3,-951.0E-3,1.972E3
97.91E-3,-844.2E-3,1.972E3
97.93E-3,-684.3E-3,1.972E3
97.95E-3,-481.5E-3,1.972E3
97.97E-3,-248.3E-3,1.972E3
97.99E-3,46.62E-6,1.977E3
98.01E-3,248.7E-3,1.977E3
98.03E-3,481.8E-3,1.977E3
98.05E-3,684.6E-3,1.977E3
98.07E-3,844.4E-3,1.977E3
98.09E-3,951.1E-3,1.977E3
98.11E-3,998.0E-3,1.977E3
98.13E-3,982.3E-3,1.977E3
98.15E-3,904.8E-3,1.977E3
98.17E-3,770.4E-3,1.977E3
98.19E-3,587.6E-3,1.977E3
98.21E-3,368.0E-3,1.977E3
98.23E-3,125.1E-3,1.977E3
98.25E-3,-125.5E-3,1.977E3
98.27E-3,-368.3E-3,1.977E3
98.29E-3,-588.0E-3,1.977E3
98.31E-3,-770.7E-3,1.977E3
98.33E-3,-904.9E-3,1.977E3
98.35E-3,-982.3E-3,1.977E3
98.37E-3,-998.0E-3,1.977E3
98.39E-3,-951.0E-3,1.977E3
98.41E-3,-844.2E-3,1.977E3
98.43E-3,-684.3E-3,1.977E3
98.45E-3,-481.5E-3,1.977E3
98.47E-3,-248.3E-3,1.977E3
98.49E-3,46.64E-6,1.982E3
98.51E-3,248.7E-3,1.982E3
98.53E-3,481.8E-3,1.982E3
98.55E-3,684.6E-3,1.982E3
98.57E-3,844.4E-3,1.982E3
98.60E-3,951.1E-3,1.982E3
98.62E-3,998.0E-3,1.982E3
98.64E-3,982.3E-3,1.982E3
98.66E-3,904.8E-3,1.982E3
98.68E-3,770.4E-3,1.982E3
98.70E-3,587.6E-3,1.982E3
98.72E-3,368.0E-3,1.982E3
98.74E-3,125.1E-3,1.982E3
98.76E-3,-125.5E-3,1.982E3
98.78E-3,-368.3E-3,1.982E3
98.80E-3,-588.0E-3,1.982E3
98.82E-3,-770.7E-3,1.982E3
98.84E-3,-904.9E-3,1.982E3
98.86E-3,-982.3E-3,1.982E3
98.88E-3,-998.0E-3,1.982E3
98.90E-3,-951.0E-3,1.982E3
98.92E-3,-844.2E-3,1.982E3
98.94E-3,-684.3E-3,1.982E3
98.96E-3,-481.5E-3,1.982E3
98.98E-3,-248.3E-3,1.982E3
99.00E-3,46.66E-6,1.987E3
99.02E-3,248.7E-3,1.987E3
99.04E-3,481.8E-3,1.987E3
99.06E-3,684.6E-3,1.987E3
99.08E-3,844.4E-3,1.987E3
99.10E-3,951.1E-3,1.987E3
99.12E-3,998.0E-3,1.987E3
99.14E-3,982.3E-3,1.987E3
99.16E-3,904.8E-3,1.987E3
99.18E-3,770.4E-3,1.987E3
99.20E-3,587.6E-3,1.987E3
99.22E-3,368.0E-3,1.987E3
99.24E-3,125.1E-3,1.987E3
99.26E-3,-125.5E-3,1.987E3
99.28E-3,-368.3E-3,1.987E3
99.30E-3,-588.0E-3,1.987E3
99.32E-3,-770.7E-3,1.987E3
99.34E-3,-904.9E-3,1.987E3
99.36E-3,-982.3E-3,1.987E3
99.38E-3,-998.0E-3,1.987E3
99.40E-3,-951.0E-3,1.987E3
99.42E-3,-844.2E-3,1.987E3
99.44E-3,-684.3E-3,1.987E3
99.46E-3,-481.5E-3,1.987E3
99.48E-3,-248.4E-3,1.987E3
99.50E-3,46.67E-6,1.992E3
99.52E-3,248.7E-3,1.992E3
99.54E-3,481.8E-3,1.992E3
99.56E-3,684.6E-3,1.992E3
99.58E-3,844.4E-3,1.992E3
99.60E-3,951.1E-3,1.992E3
99.62E-3,998.0E-3,1.992E3
99.64E-3,982.3E-3,1.992E3
99.66E-3,904.8E-3,1.992E3
99.68E-3,770.4E-3,1.992E3
99.70E-3,587.6E-3,1.992E3
99.72E-3,368.0E-3,1.992E3
99.74E-3,125.1E-3,1.992E3
99.76E-3,-125.5E-3,1.992E3
99.78E-3,-368.3E-3,1.992E3
99.80E-3,-588.0E-3,1.992E3
99.82E-3,-770.7E-3,1.992E3
99.84E-3,-904.9E-3,1.992E3
99.86E-3,-982.3E-3,1.992E3
99.88E-3,-998.0E-3,1.992E3
99.90E-3,-951.0E-3,1.992E3
99.92E-3,-844.2E-3,1.992E3
99.94E-3,-684.3E-3,1.992E3
99.96E-3,-481.5E-3,1.992E3
99.98E-3,-248.4E-3,1.992E3
100.0E-3,25.47E-9,1.998E3
